subject,lineup_id,order
1,303,6
2,427,8
3,443,14
4,488,7
5,520,14
6,548,14
7,501,2
8,382,8
9,403,12
10,288,1
11,335,16
12,373,12
13,306,5
14,181,8
15,447,3
16,464,8
17,149,7
18,499,4
19,569,8
20,482,3
21,186,10
22,472,18
23,135,2
24,351,4
25,16,14
26,111,6
27,148,12
28,39,17
29,565,10
30,551,2
31,285,17
32,91,1
33,386,5
34,405,9
35,313,3
36,223,13
37,368,10
38,301,6
39,540,20
40,106,5
41,330,12
42,346,20
43,279,17
44,365,17
45,191,1
46,17,19
47,62,7
48,493,8
49,395,7
50,289,3
51,281,18
52,538,17
53,401,19
54,244,6
55,48,20
56,98,19
57,265,15
58,342,7
59,1,1
60,183,3
61,546,4
62,302,20
63,11,9
64,128,11
65,23,11
66,78,12
67,571,4
68,485,15
69,452,6
70,406,4
71,55,18
72,398,15
73,67,12
74,291,17
75,196,2
76,256,3
77,15,1
78,234,2
79,133,1
80,63,9
81,554,1
82,318,18
83,574,18
84,383,19
85,426,8
86,231,20
87,77,18
88,515,10
89,210,7
90,177,14
91,147,8
92,364,16
93,430,20
94,531,11
95,32,1
96,202,10
97,449,12
98,88,20
99,465,12
100,241,20
101,141,8
102,385,15
103,337,19
104,388,3
105,327,18
106,194,19
107,110,14
108,35,12
109,474,13
110,42,13
111,94,11
112,27,8
113,487,17
114,453,5
115,505,13
116,60,12
117,349,12
118,145,3
119,366,19
120,536,17
121,104,14
122,476,5
123,59,9
124,418,7
125,284,7
126,192,13
127,374,15
128,195,9
129,460,16
130,298,17
131,253,13
132,367,4
133,277,18
134,310,6
135,214,14
136,139,17
137,10,3
138,151,3
139,432,19
140,334,11
141,242,11
142,526,19
143,466,13
144,462,1
145,43,17
146,428,16
147,44,16
148,96,19
149,204,16
150,524,19
151,200,3
152,336,2
153,173,18
154,525,19
155,233,1
156,380,6
157,21,5
158,437,1
159,85,11
160,226,18
1,419,15
2,176,15
3,379,5
4,63,3
5,499,20
6,78,7
7,155,18
8,499,9
9,244,16
10,79,12
11,5,12
12,565,9
13,95,16
14,83,9
15,68,18
16,483,7
17,1,12
18,520,20
19,425,19
20,418,12
21,250,20
22,539,6
23,29,10
24,142,9
25,525,18
26,331,5
27,161,15
28,133,16
29,71,3
30,515,16
31,181,6
32,404,8
33,290,4
34,194,8
35,85,16
36,57,14
37,367,14
38,82,12
39,16,7
40,179,19
41,340,20
42,354,16
43,107,4
44,109,16
45,262,14
46,317,14
47,109,16
48,437,20
49,262,11
50,277,6
51,299,4
52,515,13
53,447,9
54,170,16
55,271,7
56,462,9
57,469,3
58,317,3
59,172,10
60,63,5
61,399,1
62,574,11
63,32,5
64,260,14
65,148,20
66,222,20
67,20,14
68,42,17
69,382,18
70,474,1
71,41,1
72,537,6
73,26,1
74,56,7
75,96,11
76,338,18
77,398,17
78,409,20
79,208,9
80,274,11
81,313,4
82,458,7
83,311,15
84,399,13
85,46,11
86,403,15
87,496,2
88,255,8
89,401,20
90,283,18
91,320,1
92,247,4
93,108,13
94,141,10
95,123,14
96,126,3
97,346,14
98,414,9
99,189,3
100,542,7
101,40,4
102,474,3
103,301,8
104,504,4
105,361,12
106,307,3
107,362,10
108,12,19
109,460,20
110,434,18
111,445,1
112,503,4
113,222,12
114,454,20
115,65,6
116,513,16
117,412,16
118,493,11
119,202,6
120,258,9
121,223,4
122,152,8
123,194,3
124,417,11
125,147,18
126,119,10
127,386,9
128,102,13
129,544,15
130,405,11
131,13,5
132,575,8
133,85,14
134,372,18
135,511,2
136,336,18
137,431,8
138,418,15
139,476,12
140,268,15
141,9,9
142,102,15
143,127,3
144,282,6
145,35,16
146,403,15
147,41,4
148,330,6
149,206,5
150,115,10
151,493,12
152,213,17
153,352,16
154,190,6
155,343,8
156,287,10
157,371,3
158,86,4
159,399,7
160,310,6
1,290,10
2,194,20
3,559,11
4,320,4
5,156,8
6,35,15
7,202,8
8,552,16
9,350,19
10,227,3
11,423,4
12,489,3
13,361,12
14,75,5
15,8,9
16,266,17
17,515,20
18,208,18
19,361,5
20,282,6
21,381,4
22,540,19
23,287,12
24,212,7
25,107,5
26,453,2
27,433,18
28,63,5
29,254,7
30,523,7
31,31,16
32,430,18
33,181,18
34,419,16
35,240,9
36,320,20
37,22,19
38,536,15
39,75,19
40,22,17
41,292,15
42,464,6
43,412,13
44,550,18
45,59,4
46,463,3
47,383,3
48,295,14
49,122,1
50,37,5
51,473,5
52,357,7
53,550,10
54,52,3
55,85,5
56,433,12
57,266,5
58,19,13
59,412,9
60,65,12
61,3,5
62,126,1
63,198,3
64,310,19
65,413,7
66,359,15
67,4,7
68,314,16
69,292,9
70,47,13
71,424,19
72,8,20
73,487,17
74,485,18
75,274,20
76,311,1
77,56,9
78,481,17
79,285,5
80,324,15
81,545,16
82,575,5
83,204,20
84,271,9
85,533,2
86,564,8
87,180,20
88,78,4
89,137,18
90,418,8
91,428,4
92,162,10
93,13,6
94,317,9
95,108,6
96,203,1
97,6,4
98,56,17
99,103,10
100,292,4
101,299,15
102,212,9
103,219,4
104,379,2
105,336,16
106,456,14
107,77,12
108,484,4
109,275,15
110,458,10
111,464,2
112,454,2
113,418,7
114,103,4
115,481,18
116,337,2
117,100,14
118,567,9
119,54,2
120,387,5
121,548,13
122,35,6
123,272,2
124,357,5
125,122,5
126,153,11
127,426,10
128,527,12
129,536,20
130,184,1
131,551,9
132,309,7
133,92,8
134,543,1
135,429,6
136,242,1
137,86,18
138,187,7
139,111,14
140,223,20
141,429,14
142,29,1
143,301,7
144,231,7
145,5,11
146,545,12
147,420,18
148,308,9
149,522,9
150,247,11
151,284,6
152,517,19
153,322,15
154,315,18
155,419,5
156,412,18
157,304,14
158,18,11
159,510,13
160,417,11
1,434,2
2,158,2
3,225,4
4,450,17
5,364,4
6,402,19
7,250,20
8,26,11
9,272,11
10,269,15
11,363,15
12,190,10
13,305,6
14,466,18
15,208,1
16,470,16
17,330,14
18,90,12
19,13,18
20,450,7
21,241,12
22,136,1
23,532,15
24,172,10
25,471,17
26,492,3
27,439,6
28,139,7
29,218,5
30,159,19
31,40,12
32,40,20
33,271,8
34,230,20
35,244,5
36,447,19
37,455,5
38,62,4
39,390,12
40,364,18
41,112,6
42,489,11
43,178,10
44,284,6
45,445,19
46,548,11
47,309,14
48,63,3
49,400,13
50,210,19
51,474,12
52,527,12
53,444,2
54,493,15
55,235,16
56,325,11
57,462,1
58,380,19
59,222,14
60,243,8
61,475,10
62,416,17
63,146,20
64,495,17
65,497,2
66,323,8
67,143,5
68,551,9
69,283,11
70,378,5
71,294,11
72,427,5
73,529,5
74,342,20
75,298,12
76,314,9
77,129,18
78,387,9
79,364,8
80,276,1
81,354,11
82,415,17
83,538,19
84,321,17
85,52,19
86,134,17
87,253,10
88,133,16
89,550,2
90,65,7
91,21,5
92,485,14
93,468,7
94,7,14
95,219,16
96,174,9
97,8,19
98,319,16
99,346,15
100,343,2
101,81,20
102,399,6
103,375,13
104,289,13
105,250,14
106,361,12
107,481,2
108,301,18
109,415,2
110,212,14
111,483,12
112,562,9
113,88,15
114,504,18
115,440,17
116,374,7
117,137,7
118,252,15
119,415,7
120,160,12
121,421,8
122,421,18
123,6,14
124,112,8
125,131,6
126,523,3
127,509,19
128,261,15
129,214,8
130,365,9
131,397,16
132,531,14
133,67,16
134,183,4
135,573,4
136,460,3
137,478,10
138,309,1
139,564,13
140,345,8
141,155,3
142,275,8
143,112,18
144,226,11
145,134,14
146,26,20
147,409,14
148,406,3
149,321,14
150,420,20
151,277,18
152,198,1
153,325,4
154,305,10
155,262,10
156,177,14
157,296,18
158,497,19
159,424,15
160,562,20
1,304,14
2,286,18
3,317,20
4,341,9
5,558,6
6,275,13
7,213,11
8,310,3
9,315,9
10,482,9
11,403,13
12,476,7
13,457,3
14,208,13
15,262,14
16,301,19
17,24,15
18,271,2
19,31,2
20,228,17
21,288,8
22,1,14
23,46,13
24,307,5
25,267,7
26,563,9
27,531,2
28,155,3
29,219,4
30,554,14
31,161,1
32,456,12
33,102,16
34,512,19
35,179,14
36,332,16
37,265,12
38,561,20
39,534,18
40,445,9
41,475,11
42,288,1
43,213,20
44,380,10
45,155,17
46,457,10
47,474,5
48,260,11
49,374,6
50,365,2
51,534,16
52,553,16
53,565,4
54,188,20
55,232,18
56,507,15
57,276,20
58,89,1
59,104,7
60,12,4
61,74,15
62,79,3
63,229,16
64,522,4
65,209,13
66,293,11
67,7,16
68,15,2
69,514,8
70,446,6
71,545,3
72,230,7
73,333,11
74,337,11
75,95,18
76,518,12
77,189,13
78,128,8
79,308,12
80,362,16
81,514,9
82,297,11
83,544,6
84,407,7
85,258,13
86,412,2
87,131,7
88,202,12
89,65,10
90,304,6
91,153,6
92,292,6
93,537,11
94,490,4
95,278,2
96,388,20
97,139,2
98,171,11
99,172,6
100,491,5
101,144,1
102,202,8
103,110,17
104,479,15
105,337,7
106,271,20
107,60,18
108,305,20
109,39,1
110,436,6
111,529,10
112,466,7
113,460,18
114,108,3
115,451,15
116,342,4
117,361,3
118,351,19
119,387,16
120,442,3
121,467,3
122,67,20
123,135,7
124,423,3
125,34,10
126,348,17
127,197,14
128,44,8
129,208,1
130,181,3
131,325,7
132,408,15
133,367,5
134,359,3
135,392,7
136,485,16
137,57,20
138,572,4
139,190,5
140,270,7
141,445,19
142,171,11
143,47,11
144,89,4
145,71,9
146,94,7
147,29,9
148,56,1
149,224,7
150,215,1
151,28,19
152,328,5
153,8,2
154,457,7
155,252,18
156,328,9
157,385,20
158,223,18
159,465,9
160,571,9
1,229,17
2,492,10
3,218,16
4,205,14
5,269,10
6,215,8
7,115,5
8,380,7
9,87,4
10,379,20
11,46,7
12,158,8
13,364,1
14,325,17
15,523,11
16,2,20
17,442,17
18,269,1
19,348,11
20,15,18
21,536,16
22,326,5
23,222,19
24,231,15
25,47,20
26,187,1
27,454,4
28,42,19
29,43,17
30,4,1
31,176,19
32,526,15
33,273,6
34,486,15
35,502,13
36,526,12
37,410,8
38,448,3
39,478,3
40,458,16
41,32,13
42,249,19
43,280,19
44,74,14
45,10,6
46,266,7
47,46,19
48,519,6
49,205,4
50,17,16
51,72,9
52,264,20
53,545,6
54,260,7
55,473,2
56,405,6
57,311,16
58,443,5
59,519,11
60,161,18
61,521,16
62,389,2
63,18,11
64,143,18
65,178,3
66,563,16
67,444,3
68,160,5
69,197,10
70,131,10
71,273,15
72,246,10
73,468,16
74,270,14
75,452,3
76,22,15
77,132,6
78,54,6
79,445,3
80,199,10
81,251,15
82,59,8
83,303,16
84,84,20
85,305,9
86,123,11
87,393,16
88,254,14
89,25,3
90,404,5
91,234,12
92,203,12
93,507,15
94,525,18
95,259,17
96,151,14
97,551,20
98,540,13
99,228,17
100,394,10
101,519,16
102,169,11
103,102,7
104,575,12
105,446,6
106,370,8
107,320,13
108,426,16
109,416,9
110,465,17
111,25,19
112,509,20
113,288,5
114,311,8
115,269,14
116,467,11
117,126,11
118,182,4
119,95,18
120,205,16
121,37,9
122,492,16
123,528,11
124,422,4
125,482,3
126,83,18
127,221,8
128,439,6
129,226,6
130,331,14
131,71,19
132,327,5
133,375,17
134,11,20
135,549,18
136,555,15
137,549,13
138,321,2
139,320,2
140,332,6
141,526,20
142,556,17
143,293,9
144,336,20
145,103,20
146,190,14
147,470,10
148,397,10
149,535,15
150,88,12
151,432,20
152,478,7
153,180,7
154,384,9
155,16,6
156,440,15
157,574,7
158,385,8
159,322,16
160,141,1
1,64,5
2,521,11
3,371,9
4,142,5
5,33,17
6,100,6
7,244,3
8,444,4
9,507,20
10,160,13
11,471,10
12,56,2
13,156,19
14,224,10
15,103,13
16,125,3
17,117,18
18,558,8
19,483,3
20,89,20
21,411,6
22,260,3
23,484,3
24,9,17
25,77,16
26,387,7
27,138,1
28,331,8
29,255,1
30,438,9
31,561,15
32,226,10
33,571,12
34,117,3
35,64,18
36,113,17
37,509,7
38,349,10
39,163,17
40,423,12
41,209,4
42,244,13
43,484,2
44,369,2
45,429,10
46,135,18
47,239,1
48,28,4
49,76,2
50,337,13
51,264,17
52,23,3
53,427,7
54,442,9
55,417,3
56,488,10
57,291,10
58,457,8
59,537,15
60,69,2
61,280,9
62,407,6
63,356,8
64,494,1
65,184,5
66,134,2
67,310,9
68,427,13
69,374,16
70,347,16
71,456,4
72,94,14
73,450,6
74,532,19
75,247,6
76,36,16
77,539,14
78,139,11
79,424,11
80,568,8
81,46,13
82,111,3
83,113,8
84,72,16
85,323,15
86,71,4
87,41,11
88,437,19
89,177,12
90,43,16
91,145,7
92,343,3
93,87,2
94,126,20
95,564,5
96,58,18
97,22,6
98,568,6
99,149,7
100,296,13
101,383,18
102,426,12
103,105,5
104,347,6
105,535,11
106,49,2
107,19,9
108,446,11
109,102,16
110,323,1
111,83,6
112,512,17
113,295,20
114,458,1
115,400,11
116,390,14
117,220,8
118,209,2
119,435,1
120,567,14
121,276,7
122,553,1
123,257,20
124,287,1
125,199,13
126,171,9
127,348,3
128,35,11
129,329,13
130,295,16
131,507,17
132,30,18
133,478,4
134,573,16
135,326,9
136,152,11
137,348,1
138,497,9
139,22,17
140,50,9
141,186,15
142,305,3
143,44,17
144,142,14
145,273,1
146,152,1
147,222,1
148,565,4
149,530,17
150,410,5
151,114,13
152,47,16
153,103,6
154,459,11
155,455,4
156,110,8
157,414,12
158,128,20
159,53,5
160,289,10
1,113,3
2,347,16
3,98,3
4,293,18
5,407,15
6,227,18
7,322,4
8,401,20
9,333,1
10,366,19
11,518,18
12,397,6
13,30,7
14,329,11
15,397,4
16,547,11
17,303,9
18,367,3
19,391,20
20,378,14
21,44,7
22,109,13
23,417,7
24,124,14
25,134,4
26,81,14
27,569,8
28,568,14
29,281,20
30,265,11
31,558,3
32,161,3
33,389,11
34,217,12
35,267,10
36,317,10
37,165,15
38,419,5
39,379,5
40,248,2
41,453,18
42,374,3
43,365,6
44,423,11
45,451,7
46,502,20
47,346,4
48,288,13
49,566,8
50,314,9
51,14,20
52,464,10
53,359,15
54,461,8
55,168,4
56,384,2
57,225,13
58,214,2
59,395,2
60,172,19
61,393,20
62,292,5
63,427,6
64,528,16
65,264,19
66,464,14
67,442,18
68,331,14
69,395,1
70,265,11
71,216,6
72,482,1
73,201,20
74,81,8
75,229,7
76,239,6
77,349,10
78,354,5
79,113,10
80,314,14
81,439,3
82,169,13
83,173,11
84,528,2
85,14,18
86,344,14
87,266,14
88,189,15
89,275,5
90,338,4
91,217,2
92,476,11
93,484,3
94,150,13
95,299,10
96,371,8
97,99,11
98,89,1
99,313,16
100,52,15
101,272,12
102,68,5
103,458,9
104,236,10
105,85,3
106,372,13
107,161,19
108,93,8
109,331,6
110,27,20
111,478,15
112,101,18
113,422,10
114,82,17
115,19,4
116,326,13
117,134,1
118,484,14
119,183,13
120,120,20
121,531,2
122,146,14
123,441,19
124,178,17
125,185,16
126,145,20
127,251,7
128,108,2
129,58,9
130,125,4
131,447,15
132,334,12
133,273,20
134,538,17
135,522,12
136,409,6
137,143,2
138,434,10
139,101,8
140,514,10
141,259,12
142,501,6
143,442,8
144,424,9
145,167,10
146,236,10
147,336,2
148,146,15
149,497,3
150,110,16
151,434,10
152,500,4
153,307,9
154,405,13
155,135,2
156,7,16
157,340,1
158,509,9
159,297,14
160,98,15
1,465,12
2,553,17
3,312,1
4,369,13
5,420,13
6,350,1
7,362,17
8,493,12
9,113,8
10,280,14
11,468,1
12,451,15
13,169,14
14,353,14
15,441,19
16,576,14
17,472,4
18,226,7
19,172,4
20,534,11
21,81,19
22,76,2
23,144,11
24,199,6
25,343,13
26,250,13
27,250,7
28,302,2
29,325,19
30,535,4
31,328,2
32,38,7
33,132,1
34,488,1
35,38,19
36,509,6
37,50,18
38,371,19
39,323,6
40,351,11
41,90,16
42,345,14
43,112,18
44,214,3
45,158,16
46,21,5
47,57,8
48,182,1
49,399,10
50,535,14
51,559,8
52,363,8
53,311,16
54,528,1
55,501,6
56,124,8
57,303,11
58,247,18
59,291,3
60,192,6
61,449,2
62,342,18
63,571,14
64,6,9
65,432,12
66,365,19
67,483,11
68,280,10
69,249,19
70,92,17
71,572,9
72,107,17
73,335,7
74,124,3
75,468,17
76,344,4
77,469,16
78,417,1
79,20,18
80,189,4
81,549,8
82,327,1
83,335,2
84,346,1
85,119,20
86,280,10
87,541,1
88,5,7
89,571,8
90,137,12
91,360,11
92,539,8
93,95,1
94,44,15
95,130,7
96,200,16
97,14,13
98,469,14
99,341,2
100,319,17
101,258,10
102,549,1
103,338,18
104,318,7
105,138,2
106,556,16
107,319,20
108,276,2
109,147,12
110,100,5
111,147,13
112,372,19
113,190,1
114,32,12
115,561,3
116,57,20
117,379,18
118,500,6
119,207,5
120,59,13
121,383,20
122,191,13
123,532,12
124,240,19
125,554,14
126,146,2
127,12,2
128,76,19
129,87,14
130,396,20
131,453,12
132,514,20
133,4,1
134,482,10
135,247,11
136,81,20
137,554,17
138,324,16
139,68,9
140,59,14
141,24,17
142,93,9
143,547,16
144,576,18
145,116,15
146,574,5
147,217,6
148,90,2
149,367,4
150,479,6
151,107,17
152,329,11
153,115,20
154,297,20
155,234,16
156,203,20
157,313,4
158,245,12
159,171,10
160,99,4
1,306,7
2,40,5
3,152,10
4,430,20
5,543,2
6,424,17
7,101,15
8,370,10
9,10,18
10,387,5
11,477,8
12,65,5
13,441,8
14,381,1
15,154,15
16,333,13
17,389,11
18,224,6
19,153,17
20,144,1
21,24,3
22,191,9
23,514,16
24,291,12
25,265,1
26,119,4
27,422,19
28,563,9
29,5,6
30,569,6
31,521,8
32,460,5
33,293,17
34,352,13
35,452,17
36,381,18
37,88,11
38,382,1
39,378,1
40,355,14
41,197,2
42,455,12
43,94,14
44,166,5
45,200,20
46,276,13
47,532,17
48,386,15
49,309,20
50,375,11
51,357,1
52,300,18
53,131,14
54,414,14
55,368,14
56,240,16
57,485,14
58,517,9
59,410,6
60,422,13
61,502,14
62,50,4
63,404,2
64,47,20
65,80,16
66,489,1
67,11,10
68,150,20
69,339,2
70,319,14
71,98,10
72,213,8
73,330,15
74,432,13
75,191,15
76,420,19
77,264,19
78,269,4
79,306,7
80,33,5
81,234,20
82,483,6
83,559,10
84,312,5
85,112,4
86,544,3
87,38,9
88,490,2
89,51,14
90,344,20
91,507,16
92,564,17
93,476,8
94,383,12
95,9,4
96,27,4
97,286,5
98,240,10
99,139,18
100,297,8
101,433,7
102,188,19
103,36,12
104,30,1
105,523,8
106,538,6
107,174,16
108,565,10
109,556,7
110,125,7
111,156,8
112,68,11
113,420,16
114,443,10
115,380,12
116,398,1
117,104,5
118,499,13
119,156,10
120,88,11
121,459,16
122,341,9
123,214,4
124,497,18
125,126,11
126,574,4
127,30,6
128,171,7
129,90,5
130,576,6
131,179,20
132,256,3
133,318,10
134,216,2
135,377,16
136,186,14
137,499,11
138,232,19
139,83,6
140,575,12
141,130,8
142,137,18
143,275,15
144,411,17
145,176,13
146,553,2
147,503,5
148,130,16
149,528,20
150,267,7
151,389,15
152,544,15
153,14,13
154,251,14
155,79,11
156,74,13
157,480,13
158,524,15
159,100,19
160,439,16
1,203,16
2,551,19
3,381,15
4,257,15
5,274,11
6,42,12
7,151,1
8,416,14
9,544,14
10,267,7
11,329,20
12,408,14
13,300,13
14,199,3
15,394,2
16,407,6
17,563,19
18,541,9
19,138,15
20,397,15
21,516,2
22,440,12
23,194,17
24,130,20
25,116,10
26,19,10
27,206,3
28,115,20
29,513,13
30,92,13
31,54,9
32,438,2
33,370,13
34,297,17
35,91,2
36,490,7
37,21,9
38,120,13
39,165,10
40,241,7
41,491,10
42,516,10
43,6,5
44,37,4
45,34,18
46,496,8
47,142,11
48,170,5
49,302,16
50,151,7
51,496,11
52,441,4
53,409,20
54,184,10
55,576,13
56,110,4
57,307,8
58,212,11
59,169,13
60,347,10
61,73,6
62,322,10
63,130,13
64,425,15
65,318,9
66,29,7
67,10,8
68,5,12
69,405,17
70,443,18
71,54,7
72,122,12
73,70,13
74,385,2
75,522,5
76,1,17
77,281,20
78,105,19
79,444,4
80,39,3
81,438,2
82,343,20
83,19,12
84,239,12
85,191,17
86,291,13
87,486,17
88,385,17
89,428,15
90,173,3
91,402,10
92,36,7
93,71,16
94,42,8
95,429,13
96,407,15
97,308,7
98,262,4
99,133,11
100,416,19
101,322,2
102,396,4
103,167,1
104,143,19
105,105,17
106,48,4
107,455,4
108,252,6
109,554,3
110,570,11
111,344,9
112,430,10
113,366,4
114,142,6
115,158,1
116,543,10
117,481,6
118,83,7
119,570,3
120,377,4
121,62,5
122,53,15
123,541,13
124,264,10
125,94,1
126,425,12
127,143,17
128,444,4
129,186,12
130,224,13
131,294,4
132,2,1
133,225,19
134,62,5
135,504,10
136,87,2
137,413,16
138,234,14
139,347,1
140,267,4
141,32,1
142,566,2
143,6,6
144,270,8
145,51,2
146,137,3
147,149,13
148,255,13
149,559,10
150,248,4
151,164,8
152,335,10
153,378,12
154,404,16
155,277,12
156,517,7
157,251,17
158,323,2
159,530,2
160,153,5
1,490,13
2,107,1
3,24,17
4,91,16
5,210,18
6,425,4
7,204,12
8,169,1
9,480,7
10,26,16
11,76,11
12,300,16
13,473,15
14,21,15
15,461,12
16,422,2
17,531,5
18,178,13
19,523,9
20,26,5
21,454,18
22,119,16
23,349,9
24,78,8
25,567,11
26,180,17
27,183,9
28,117,12
29,53,14
30,170,17
31,148,14
32,200,17
33,207,20
34,517,6
35,118,15
36,136,8
37,362,17
38,233,7
39,277,13
40,236,3
41,30,3
42,31,2
43,434,11
44,230,12
45,79,3
46,38,2
47,179,2
48,93,19
49,455,3
50,525,10
51,547,6
52,303,9
53,125,12
54,166,5
55,78,17
56,185,13
57,413,7
58,196,15
59,295,4
60,344,14
61,11,19
62,164,14
63,360,1
64,548,12
65,97,10
66,362,3
67,285,2
68,468,7
69,315,14
70,359,8
71,359,12
72,318,11
73,15,19
74,111,16
75,328,19
76,196,14
77,454,12
78,177,15
79,452,16
80,105,17
81,144,5
82,132,12
83,521,13
84,177,14
85,36,14
86,128,5
87,99,5
88,472,13
89,74,6
90,552,19
91,340,9
92,158,15
93,176,12
94,66,2
95,212,11
96,406,13
97,314,10
98,309,18
99,270,1
100,87,18
101,302,6
102,376,17
103,8,2
104,363,11
105,456,19
106,273,9
107,233,17
108,456,7
109,114,11
110,304,3
111,259,20
112,563,13
113,52,14
114,511,13
115,148,16
116,224,19
117,471,20
118,157,12
119,147,4
120,415,15
121,154,18
122,510,17
123,553,15
124,304,2
125,298,4
126,258,1
127,179,11
128,506,14
129,54,17
130,266,18
131,181,2
132,532,13
133,80,15
134,16,13
135,148,5
136,381,9
137,178,15
138,217,6
139,548,10
140,549,16
141,479,16
142,353,5
143,475,12
144,416,12
145,117,3
146,439,11
147,487,20
148,195,17
149,487,11
150,527,17
151,33,9
152,96,14
153,132,10
154,70,2
155,163,15
156,237,3
157,521,2
158,57,7
159,238,6
160,572,12
1,120,18
2,330,14
3,410,19
4,20,8
5,246,7
6,91,2
7,210,13
8,368,2
9,353,2
10,502,18
11,481,19
12,492,11
13,411,20
14,486,19
15,218,16
16,69,4
17,284,16
18,360,11
19,196,10
20,53,8
21,447,5
22,467,7
23,453,1
24,437,18
25,119,2
26,570,12
27,233,11
28,432,10
29,28,9
30,373,10
31,535,11
32,324,9
33,307,9
34,104,11
35,232,11
36,50,2
37,251,4
38,568,8
39,174,8
40,452,13
41,564,17
42,163,4
43,188,3
44,272,19
45,285,5
46,67,12
47,166,15
48,505,9
49,34,19
50,155,12
51,121,10
52,243,15
53,467,8
54,257,4
55,465,8
56,306,1
57,339,17
58,446,12
59,312,18
60,27,9
61,559,7
62,466,15
63,486,18
64,129,6
65,211,14
66,466,10
67,286,15
68,461,11
69,116,20
70,410,20
71,440,8
72,425,18
73,209,3
74,296,6
75,290,10
76,165,2
77,153,8
78,321,18
79,132,19
80,404,7
81,45,12
82,66,19
83,180,7
84,151,15
85,136,1
86,503,1
87,390,4
88,2,18
89,491,13
90,185,11
91,332,17
92,138,18
93,245,17
94,294,7
95,120,8
96,414,5
97,48,8
98,370,2
99,187,13
100,414,11
101,382,19
102,215,14
103,324,3
104,36,20
105,50,20
106,560,7
107,121,5
108,125,1
109,186,5
110,350,19
111,108,14
112,193,5
113,511,13
114,391,9
115,284,9
116,49,8
117,510,19
118,104,20
119,289,14
120,373,10
121,408,12
122,198,7
123,136,16
124,241,15
125,225,20
126,386,14
127,209,20
128,237,17
129,20,19
130,127,12
131,400,11
132,200,9
133,327,6
134,547,7
135,376,20
136,329,7
137,519,14
138,363,13
139,567,15
140,14,1
141,227,10
142,236,16
143,263,1
144,536,2
145,69,5
146,506,9
147,366,15
148,539,12
149,378,18
150,496,14
151,187,1
152,470,3
153,429,8
154,545,5
155,409,17
156,185,12
157,207,16
158,340,16
159,556,8
160,430,7
1,129,19
2,15,12
3,503,13
4,97,10
5,86,16
6,398,5
7,105,6
8,221,15
9,449,6
10,575,10
11,290,3
12,339,13
13,41,18
14,99,20
15,308,5
16,475,1
17,345,8
18,321,10
19,570,6
20,192,4
21,373,13
22,339,11
23,353,8
24,547,3
25,459,12
26,557,19
27,40,14
28,33,18
29,100,2
30,495,18
31,183,18
32,95,4
33,480,7
34,39,14
35,396,20
36,355,1
37,133,13
38,503,16
39,20,16
40,339,1
41,254,9
42,90,7
43,334,9
44,352,7
45,281,12
46,512,16
47,382,6
48,258,7
49,369,12
50,170,17
51,58,13
52,573,11
53,508,1
54,496,17
55,440,9
56,570,3
57,518,18
58,256,14
59,368,5
60,260,1
61,477,13
62,517,12
63,124,10
64,1,5
65,287,8
66,368,6
67,99,1
68,357,8
69,33,15
70,537,15
71,515,2
72,384,9
73,340,18
74,462,4
75,352,4
76,356,5
77,467,4
78,443,10
79,406,14
80,213,18
81,349,10
82,72,4
83,508,5
84,152,8
85,388,12
86,567,12
87,327,15
88,333,20
89,281,1
90,227,10
91,215,14
92,290,1
93,221,10
94,411,16
95,242,9
96,298,7
97,52,16
98,534,5
99,373,14
100,341,3
101,498,14
102,272,20
103,390,15
104,207,18
105,114,13
106,398,15
107,82,8
108,41,5
109,403,4
110,389,8
111,246,3
112,541,6
113,122,2
114,370,11
115,441,8
116,505,6
117,355,10
118,160,16
119,543,8
120,111,8
121,164,15
122,388,4
123,573,10
124,283,9
125,355,9
126,64,6
127,45,4
128,562,18
129,195,11
130,93,5
131,53,3
132,274,19
133,488,12
134,154,12
135,221,13
136,363,5
137,552,6
138,170,20
139,351,18
140,66,5
141,308,7
142,115,12
143,199,19
144,68,15
145,525,19
146,289,13
147,402,11
148,254,8
149,505,1
150,121,18
151,174,14
152,75,20
153,557,1
154,245,1
155,257,9
156,67,4
157,561,19
158,332,5
159,255,4
160,237,8
1,43,8
2,10,9
3,510,8
4,285,12
5,49,1
6,526,10
7,541,16
8,73,19
9,198,10
10,393,2
11,401,17
12,384,4
13,435,4
14,154,4
15,49,7
16,479,10
17,162,6
18,203,5
19,411,13
20,408,19
21,242,15
22,356,4
23,505,6
24,400,13
25,461,6
26,135,20
27,506,16
28,350,11
29,431,18
30,400,20
31,140,13
32,195,14
33,408,19
34,576,10
35,426,7
36,175,11
37,61,3
38,494,2
39,518,2
40,162,4
41,252,5
42,196,18
43,324,8
44,221,9
45,479,2
46,487,4
47,114,12
48,286,12
49,28,15
50,519,20
51,232,2
52,77,1
53,198,13
54,77,19
55,353,1
56,438,7
57,312,2
58,506,10
59,473,20
60,51,16
61,76,18
62,520,9
63,195,17
64,511,8
65,335,17
66,300,4
67,313,17
68,241,4
69,268,13
70,357,19
71,166,17
72,386,2
73,402,2
74,7,12
75,109,1
76,61,11
77,120,3
78,9,16
79,390,6
80,154,6
81,166,14
82,91,15
83,98,9
84,24,3
85,393,10
86,508,7
87,218,12
88,13,6
89,332,17
90,86,15
91,543,3
92,306,19
93,61,14
94,64,1
95,176,12
96,206,11
97,60,17
98,27,12
99,246,20
100,34,14
101,253,13
102,270,10
103,391,6
104,463,16
105,334,15
106,62,18
107,471,15
108,69,3
109,345,17
110,372,15
111,560,4
112,39,14
113,402,3
114,436,19
115,552,20
116,238,5
117,394,15
118,245,8
119,192,11
120,524,6
121,302,10
122,539,10
123,201,6
124,93,14
125,451,15
126,550,19
127,210,16
128,184,20
129,7,4
130,223,15
131,216,8
132,114,2
133,394,13
134,189,9
135,294,1
136,506,12
137,534,5
138,61,5
139,341,3
140,556,2
141,350,6
142,211,7
143,508,4
144,80,19
145,552,6
146,157,4
147,97,7
148,218,18
149,118,8
150,355,13
151,345,16
152,319,12
153,423,3
154,97,15
155,358,19
156,529,5
157,51,8
158,475,3
159,122,3
160,80,17
1,109,4
2,121,4
3,394,18
4,162,19
5,238,3
6,395,11
7,256,9
8,58,18
9,469,5
10,555,8
11,240,6
12,117,17
13,282,10
14,431,2
15,491,6
16,413,15
17,518,10
18,49,14
19,550,16
20,4,16
21,510,9
22,257,20
23,356,4
24,436,1
25,145,19
26,174,11
27,384,13
28,334,1
29,206,15
30,352,8
31,37,5
32,255,11
33,562,15
34,369,18
35,58,6
36,45,15
37,204,1
38,529,14
39,392,15
40,243,15
41,513,8
42,268,17
43,295,16
44,116,20
45,73,11
46,188,6
47,31,18
48,498,17
49,11,18
50,80,4
51,282,3
52,392,6
53,315,17
54,185,12
55,192,11
56,45,20
57,89,19
58,249,16
59,182,8
60,162,15
61,491,12
62,354,7
63,140,19
64,220,13
65,31,18
66,233,9
67,494,6
68,391,6
69,494,5
70,34,3
71,206,14
72,396,16
73,391,10
74,55,9
75,486,14
76,28,20
77,431,7
78,197,12
79,287,20
80,488,2
81,168,19
82,256,10
83,393,3
84,438,11
85,74,5
86,572,6
87,538,3
88,48,9
89,490,9
90,471,17
91,106,20
92,520,13
93,274,9
94,211,5
95,69,15
96,278,6
97,193,18
98,187,8
99,529,9
100,9,9
101,470,17
102,358,7
103,128,20
104,37,8
105,51,5
106,249,5
107,141,7
108,546,17
109,129,10
110,555,4
111,293,16
112,401,3
113,312,6
114,286,16
115,205,2
116,511,15
117,498,13
118,316,17
119,175,9
120,348,19
121,278,1
122,504,12
123,431,5
124,157,16
125,129,2
126,477,7
127,97,12
128,512,3
129,527,10
130,173,19
131,182,6
132,470,10
133,421,3
134,489,8
135,316,19
136,480,13
137,283,4
138,149,8
139,522,4
140,188,17
141,435,18
142,175,14
143,55,20
144,163,5
145,278,8
146,60,18
147,106,3
148,502,20
149,164,6
150,446,9
151,216,11
152,131,6
153,144,11
154,55,12
155,4,3
156,146,17
157,461,15
158,413,10
159,356,1
160,573,3
1,562,9
2,459,7
3,542,6
4,448,6
5,560,5
6,230,9
7,459,14
8,282,13
9,229,17
10,263,4
11,116,2
12,501,20
13,428,11
14,540,7
15,227,10
16,84,5
17,512,2
18,540,17
19,118,7
20,157,9
21,449,1
22,555,17
23,489,14
24,204,19
25,436,15
26,375,8
27,141,10
28,415,4
29,160,16
30,150,12
31,524,4
32,450,16
33,360,2
34,572,4
35,366,8
36,527,5
37,168,20
38,121,9
39,477,4
40,25,8
41,43,19
42,296,15
43,217,12
44,25,15
45,508,13
46,118,9
47,219,13
48,568,2
49,101,9
50,165,8
51,298,14
52,17,14
53,433,18
54,216,2
55,469,15
56,392,18
57,338,4
58,101,4
59,25,12
60,64,20
61,17,8
62,421,19
63,211,12
64,360,7
65,371,6
66,472,13
67,253,12
68,205,3
69,150,4
70,236,7
71,211,13
72,16,13
73,296,4
74,228,10
75,239,13
76,72,13
77,29,5
78,369,13
79,326,15
80,193,19
81,259,6
82,124,14
83,215,1
84,182,18
85,156,16
86,328,19
87,480,13
88,79,5
89,498,11
90,164,1
91,13,13
92,376,20
93,498,19
94,372,19
95,149,20
96,477,12
97,513,1
98,294,7
99,546,4
100,230,1
101,537,5
102,219,16
103,86,16
104,96,17
105,232,10
106,354,1
107,235,3
108,197,9
109,569,18
110,315,2
111,566,7
112,520,12
113,546,19
114,165,7
115,245,5
116,184,3
117,123,2
118,396,10
119,268,15
120,542,7
121,555,17
122,457,19
123,225,17
124,220,6
125,167,17
126,392,15
127,138,18
128,326,16
129,220,3
130,167,10
131,246,18
132,428,17
133,299,9
134,2,11
135,500,17
136,55,8
137,118,12
138,388,12
139,472,11
140,513,3
141,12,13
142,150,20
143,561,10
144,229,3
145,45,12
146,566,17
147,500,19
148,242,14
149,542,13
150,66,8
151,207,2
152,238,8
153,61,14
154,278,3
155,3,14
156,494,1
157,70,11
158,300,13
159,173,17
160,342,14
1,92,1
2,376,6
3,560,2
4,516,1
5,263,19
6,473,16
7,2,10
8,316,5
9,159,15
10,12,6
11,175,9
12,106,19
13,75,9
14,127,6
15,448,17
16,60,18
17,243,3
18,261,16
19,231,14
20,435,2
21,92,14
22,248,8
23,338,5
24,254,2
25,495,9
26,237,15
27,145,20
28,263,6
29,23,12
30,316,15
31,557,20
32,377,13
33,451,14
34,239,7
35,18,12
36,123,3
37,500,6
38,73,17
39,437,9
40,268,6
41,168,14
42,316,8
43,72,15
44,435,8
45,82,9
46,279,17
47,180,20
48,261,10
49,84,17
50,436,1
51,376,15
52,279,2
53,516,11
54,261,13
55,201,10
56,492,14
57,168,9
58,419,17
59,375,19
60,140,17
61,228,17
62,569,8
63,235,4
64,533,3
65,558,1
66,358,17
67,96,19
68,228,18
69,157,12
70,279,12
71,193,20
72,495,3
73,406,9
74,18,1
75,127,16
76,106,8
77,167,11
78,70,14
79,17,2
80,235,20
81,533,7
82,448,2
83,358,4
84,546,6
85,252,6
86,238,18
87,84,8
88,159,1
89,516,16
90,163,2
91,243,19
92,463,5
93,3,4
94,530,3
95,18,18
96,237,17
97,558,15
98,463,19
99,557,19
100,299,16
101,159,11
102,449,2
103,259,10
104,220,9
105,248,1
106,495,17
107,462,6
108,533,15
109,159,8
110,123,16
111,3,18
112,542,1
113,48,9
114,140,14
115,557,19
116,248,9
117,504,4
118,84,1
119,261,12
120,450,1
121,433,6
122,377,3
123,23,1
124,421,20
125,279,12
126,524,16
127,263,1
128,533,10
129,283,2
130,530,7
131,530,10
132,75,6
133,73,2
134,463,14
135,448,15
136,395,4
137,3,9
138,66,17
139,201,7
140,377,18
141,175,5
142,235,10
143,566,2
144,253,13
145,140,7
146,560,8
147,127,17
148,501,7
149,351,19
150,201,15
151,38,4
152,249,13
153,231,19
154,358,4
155,136,20
156,70,2
157,82,10
158,23,6
159,193,20
160,333,2
1,578,20
1,588,11
2,583,3
2,581,13
3,583,12
3,580,7
4,587,2
4,586,11
5,580,9
5,584,12
6,585,20
6,584,3
7,588,19
7,579,7
8,580,17
8,577,6
9,580,3
9,579,13
10,585,11
10,580,17
11,578,5
11,581,14
12,584,1
12,578,18
13,588,17
13,583,2
14,577,16
14,584,12
15,587,20
15,584,8
16,588,9
16,585,12
17,580,1
17,585,13
18,585,15
18,583,19
19,580,12
19,582,1
20,583,13
20,586,10
21,579,11
21,582,17
22,584,15
22,586,10
23,581,20
23,583,18
24,578,16
24,577,11
25,586,3
25,578,8
26,578,16
26,579,18
27,579,17
27,582,5
28,583,15
28,581,13
29,587,8
29,577,11
30,583,5
30,578,3
31,581,7
31,582,10
32,588,6
32,580,19
33,579,3
33,585,10
34,580,2
34,586,5
35,588,4
35,582,1
36,581,4
36,587,9
37,588,2
37,584,16
38,585,11
38,586,18
39,577,14
39,586,11
40,579,20
40,586,10
41,587,1
41,581,7
42,583,9
42,584,5
43,580,1
43,588,7
44,581,1
44,585,13
45,585,8
45,577,15
46,578,15
46,579,1
47,580,10
47,585,9
48,586,18
48,578,16
49,584,14
49,579,5
50,581,15
50,584,18
51,586,7
51,588,19
52,578,19
52,587,5
53,581,5
53,579,3
54,578,11
54,588,18
55,587,19
55,578,12
56,581,17
56,579,5
57,581,12
57,578,6
58,588,6
58,584,20
59,586,17
59,584,16
60,579,7
60,588,11
61,586,11
61,585,3
62,580,16
62,588,13
63,577,15
63,580,7
64,577,2
64,584,10
65,580,15
65,577,4
66,585,5
66,587,18
67,586,20
67,581,13
68,585,19
68,587,1
69,577,7
69,586,3
70,577,2
70,586,9
71,578,16
71,588,5
72,585,4
72,586,19
73,583,14
73,586,8
74,581,15
74,582,5
75,582,9
75,580,8
76,579,10
76,581,7
77,586,15
77,588,2
78,586,7
78,584,3
79,587,17
79,586,13
80,583,13
80,586,12
81,581,18
81,582,17
82,581,9
82,586,16
83,585,17
83,583,14
84,581,4
84,583,10
85,584,7
85,577,3
86,584,16
86,578,9
87,587,19
87,588,6
88,583,11
88,577,3
89,587,4
89,578,19
90,588,13
90,587,9
91,583,15
91,584,18
92,586,2
92,582,9
93,584,18
93,583,5
94,585,17
94,581,6
95,587,19
95,588,3
96,579,2
96,585,19
97,587,9
97,583,3
98,584,3
98,583,15
99,584,8
99,585,5
100,578,12
100,585,6
101,578,9
101,580,3
102,581,13
102,577,18
103,579,11
103,585,14
104,579,14
104,588,5
105,580,4
105,588,9
106,579,10
106,585,11
107,587,1
107,581,11
108,583,13
108,579,14
109,578,14
109,582,19
110,586,12
110,582,9
111,580,5
111,582,17
112,578,16
112,586,15
113,584,11
113,588,8
114,587,2
114,583,15
115,582,7
115,587,10
116,586,17
116,578,18
117,586,9
117,577,17
118,582,5
118,583,18
119,583,20
119,581,17
120,584,18
120,581,2
121,587,19
121,581,11
122,586,11
122,577,2
123,580,18
123,587,8
124,583,13
124,581,12
125,586,19
125,579,8
126,581,5
126,587,8
127,578,5
127,588,13
128,577,5
128,587,1
129,586,18
129,581,7
130,584,8
130,587,2
131,579,1
131,587,14
132,587,11
132,583,16
133,581,11
133,580,7
134,584,15
134,581,19
135,584,8
135,585,3
136,584,19
136,580,10
137,577,19
137,582,7
138,583,18
138,585,11
139,581,20
139,585,16
140,577,13
140,587,19
141,585,4
141,584,2
142,578,13
142,583,4
143,588,14
143,583,5
144,580,16
144,588,10
145,581,18
145,583,4
146,585,6
146,582,19
147,578,12
147,586,8
148,578,11
148,577,5
149,582,12
149,581,2
150,581,2
150,578,3
151,588,7
151,587,5
152,579,18
152,588,9
153,586,17
153,577,5
154,585,17
154,578,8
155,588,13
155,586,7
156,584,11
156,587,19
157,577,9
157,584,6
158,583,14
158,587,17
159,588,18
159,585,12
160,583,13
160,581,19
