a,b,c,x_dist,x_mu,x_sigma,z_discrete,z_discrete_dist,z_n,e_dist,e_df,e_sigma,n,type,statistics,pvalue,effect_size,detect,x_n
-1.2905334890820086,-2.564710384234786,0.7735617868602276,normal,0,0.3,TRUE,discrete_uniform,5,normal,NA,0.5,100,cubic,21.229715675598957,1.8386946602948023e-12,5.201530583166612,FALSE,NA
0.3064528643153608,0.26624276395887136,0.615850736387074,lognormal,0,0.6,TRUE,discrete_uniform,3,normal,NA,1,300,cubic,1.9412309831551084,0.12300278110281561,0.008418314237080256,TRUE,NA
0.11421912861987948,0.8267389079555869,0.9199480004608631,lognormal,0,0.6,FALSE,discrete_uniform,6,normal,NA,0.25,100,cubic,8.612684655985376,5.869392478929039e-6,2.684079465482006,FALSE,NA
0.9842449924908578,0.12292616022750735,1.2545168395154178,normal,0,0.3,FALSE,discrete_uniform,6,normal,NA,0.5,300,cubic,69.59923311146203,2.313714345772493e-41,1.0370036752933207,TRUE,NA
-2.844221084844321,2.936813759151846,1.1411106130108237,neglognormal,0,0.6,FALSE,discrete_uniform,6,normal,NA,0.25,300,cubic,2135.8945167437464,2.6286433539613127e-215,58.935086646756275,TRUE,NA
-0.6346103860996664,1.4973541544750333,1.564751227851957,uniform,0,0.6,FALSE,discrete_uniform,5,normal,NA,0.25,50,cubic,114.86808434902281,2.295053316676656e-22,10.15418580132197,TRUE,NA
-0.597687341272831,0.826947954017669,1.2469065277837217,neglognormal,0,0.6,TRUE,discrete_uniform,10,normal,NA,0.25,100,cubic,65.0293697963994,4.0124921396434307e-26,2.3343350578525053,TRUE,NA
-0.7797525473870337,-1.4046566267497838,0.7619490660727024,uniform,0,0.6,FALSE,discrete_uniform,3,normal,NA,1,50,cubic,6.1860715903675105,5.045501651581528e-4,0.9196844789162962,FALSE,NA
0.44283804623410106,-2.8370013856329024,0.7601064178161323,neglognormal,0,0.6,TRUE,discrete_uniform,3,normal,NA,0.25,300,cubic,343.9972463524389,8.255843810825613e-96,15.92267006228397,TRUE,NA
0.2772726025432348,-1.2521330653689802,0.6788938539102674,neglognormal,0,0.6,FALSE,discrete_uniform,10,normal,NA,0.25,300,cubic,69.6454269665904,2.2074166210800414e-41,4.410567233484044,TRUE,NA
-2.365802464541048,0.5176800889894366,0.911126415245235,neglognormal,0,0.6,TRUE,discrete_uniform,6,normal,NA,0.5,300,cubic,56.52066377927145,2.6642717975802293e-35,20.438463360507317,TRUE,NA
0.6638115802779794,2.0778705161064863,0.44405889930203557,uniform,0,0.6,FALSE,discrete_uniform,5,normal,NA,0.25,300,cubic,1751.8411301793626,3.6919490933115455e-203,25.54695007213197,TRUE,NA
-2.350663390941918,0.8014599429443479,1.1654097349382937,normal,0,0.3,FALSE,discrete_uniform,5,normal,NA,2,300,cubic,19.252339171428456,4.478454625364283e-14,0.4105634399251073,TRUE,NA
1.4203055086545646,1.6828125533647835,1.6209839056245983,uniform,0,0.6,TRUE,discrete_uniform,9,normal,NA,2,300,cubic,68.75949847611757,5.454465424173598e-41,0.8306608078068562,TRUE,NA
-1.846359179355204,-2.4144569132477045,1.0315020377747715,lognormal,0,0.6,FALSE,discrete_uniform,8,normal,NA,0.5,300,cubic,140.0485918333507,9.664901251409237e-67,4.524759766323957,TRUE,NA
0.6779407393187284,-0.8206579880788922,1.9629261693917215,neglognormal,0,0.6,FALSE,discrete_uniform,8,normal,NA,0.25,50,cubic,408.1998558690758,1.3810180321256772e-33,4.444774526871862,TRUE,NA
2.674236926715821,2.584975174628198,0.013162881135940552,lognormal,0,0.6,TRUE,discrete_uniform,10,normal,NA,0.5,50,cubic,39.313142278758704,7.728427085257584e-14,14.556541572539228,TRUE,NA
2.2814732124097645,-0.45800154749304056,1.9182685581035912,normal,0,0.3,TRUE,discrete_uniform,9,normal,NA,1,300,cubic,598.1117938188416,1.45932039646979e-139,3.654484232818599,TRUE,NA
-2.3486979003064334,2.111511450726539,1.9211340984329581,uniform,0,0.6,FALSE,discrete_uniform,4,normal,NA,2,100,cubic,54.48335959951802,1.417933721476966e-23,0.9948840520577803,TRUE,NA
2.888980387710035,0.7383459764532745,0.2610794831998646,normal,0,0.3,TRUE,discrete_uniform,8,normal,NA,2,100,cubic,7.519247986994503,2.7125167234510557e-5,0.6526183904447145,TRUE,NA
-1.7049710350111127,-1.141350990626961,0.06187715195119381,uniform,0,0.6,FALSE,discrete_uniform,7,normal,NA,0.5,50,cubic,188.25284091387377,1.1994251351325683e-26,7.687794484672719,TRUE,NA
2.2830132013186812,0.4412701344117522,1.0191249391064048,normal,0,0.3,TRUE,discrete_uniform,5,normal,NA,0.5,50,cubic,16.779517645203025,2.33866861612464e-8,9.880980136542876,TRUE,NA
-0.5581410122103989,-0.050992232747375965,0.2888802927918732,neglognormal,0,0.6,FALSE,discrete_uniform,9,normal,NA,1,50,cubic,1.951214571956464,0.11922640650906358,0.18530462571233752,FALSE,NA
0.22960075875744224,0.6179464277811348,1.4931029649451375,lognormal,0,0.6,FALSE,discrete_uniform,8,normal,NA,0.5,100,cubic,7.790580713457235,1.8481066421192102e-5,0.23947154080862576,TRUE,NA
0.0958155607804656,0.1408223658800125,0.19136219657957554,uniform,0,0.6,TRUE,discrete_uniform,4,normal,NA,0.25,50,cubic,6.030390840486726,6.065640632951485e-4,0.1470643946730676,FALSE,NA
2.8372149216011167,1.9875514134764671,1.765267627313733,uniform,0,0.6,TRUE,discrete_uniform,3,normal,NA,0.25,50,cubic,2809.678164385901,2.9442793750769225e-50,199.22184303586437,TRUE,NA
-1.6133491317741573,0.2957568895071745,1.9528240039944649,neglognormal,0,0.6,TRUE,discrete_uniform,3,normal,NA,0.25,50,cubic,186.5648668997367,4.934516632627703e-25,17.564814852745393,TRUE,NA
-0.08342427341267467,2.0485458998009562,1.0445667742751539,uniform,0,0.6,TRUE,discrete_uniform,10,normal,NA,0.5,50,cubic,11.039863126751019,3.0067805578132662e-6,5.742489401483925,FALSE,NA
0.859285777900368,2.6273448849096894,0.8950703558512032,neglognormal,0,0.6,TRUE,discrete_uniform,8,normal,NA,1,300,cubic,19.637031409210305,2.4754673444144684e-14,6.110190364139695,FALSE,NA
1.1077925898134708,-0.23383304430171847,1.2167537324130535,normal,0,0.3,FALSE,discrete_uniform,5,normal,NA,0.25,50,cubic,50.16827811958723,1.189018726786092e-15,4.1611259604749256,TRUE,NA
1.2818368314765394,0.24483872344717383,0.6725878152064979,uniform,0,0.6,TRUE,discrete_uniform,3,normal,NA,0.5,100,cubic,56.715867601461504,5.118327746945054e-21,5.438393201112549,TRUE,NA
2.089893185533583,-1.9584360695444047,0.7848439826630056,uniform,0,0.6,TRUE,discrete_uniform,7,normal,NA,2,50,cubic,10.619353954114267,4.491267341666991e-6,0.7059507115971059,TRUE,NA
-2.575536340009421,2.7874289844185114,1.7588088000193238,normal,0,0.3,FALSE,discrete_uniform,6,normal,NA,0.25,50,cubic,2451.152583770309,4.105112353006639e-50,47.85532823885705,TRUE,NA
-2.6077278912998736,-0.09025215357542038,1.6073035751469433,uniform,0,0.6,TRUE,discrete_uniform,8,normal,NA,0.5,100,cubic,160.65066445881658,7.159095864147769e-41,10.538025422119182,TRUE,NA
-1.287501529790461,0.6584137044847012,1.533370187971741,normal,0,0.3,FALSE,discrete_uniform,6,normal,NA,1,300,cubic,59.706860592207235,7.859506846544008e-37,0.47271235325421307,TRUE,NA
-0.9438891056925058,-0.4692007382400334,1.782926740590483,neglognormal,0,0.6,TRUE,discrete_uniform,7,normal,NA,1,50,cubic,4.457471805149872,0.004212022390531832,0.7551973883403463,TRUE,NA
0.7843636949546635,-2.263411328662187,0.8525609555654228,lognormal,0,0.6,FALSE,discrete_uniform,3,normal,NA,1,300,cubic,16.18939292901083,5.431974011983461e-12,2.4331596162358733,TRUE,NA
-2.202518207486719,2.943751018960029,1.6816471684724092,neglognormal,0,0.6,FALSE,discrete_uniform,3,normal,NA,0.25,300,cubic,13039.988904037347,0,46.43549871115801,TRUE,NA
0.3301124149002135,-2.8964250362478197,0.7979068080894649,neglognormal,0,0.6,FALSE,discrete_uniform,7,normal,NA,1,100,cubic,6.1017541337588614,2.0975366201883116e-4,2.062560655290072,FALSE,NA
1.814986833371222,1.367828386835754,0.5306762992404401,neglognormal,0,0.6,FALSE,discrete_uniform,3,normal,NA,1,100,cubic,15.473278293661252,9.767722488682604e-10,4.934389807472335,TRUE,NA
1.5723707238212228,-1.261594373267144,1.3921107412315905,neglognormal,0,0.6,FALSE,discrete_uniform,4,normal,NA,0.5,50,cubic,38.146361304254015,1.2752670087114728e-13,6.417942108358319,TRUE,NA
0.7358294930309057,1.2148080035112798,1.5059247803874314,lognormal,0,0.6,TRUE,discrete_uniform,10,normal,NA,0.25,50,cubic,53.31090451052052,4.0720341392960594e-16,2.7989964469825055,TRUE,NA
-1.8261347841471434,1.4203204452060163,1.6637149616144598,uniform,0,0.6,FALSE,discrete_uniform,10,normal,NA,2,300,cubic,63.42560015754072,1.4267257186396544e-38,0.6495974291578502,TRUE,NA
0.026489599607884884,-0.25506799668073654,0.9095509611070156,lognormal,0,0.6,TRUE,discrete_uniform,8,normal,NA,0.5,100,cubic,0.5471778248826492,0.7015114276304624,0.0807215361411324,FALSE,NA
2.7780067487619817,-2.7705075410194695,0.6379157081246376,neglognormal,0,0.6,TRUE,discrete_uniform,7,normal,NA,0.5,300,cubic,73.37610800840369,5.1930914977190276e-43,12.458548825845243,TRUE,NA
-0.6557843615300953,-0.3950731633231044,0.8955794884823263,neglognormal,0,0.6,FALSE,discrete_uniform,5,normal,NA,1,300,cubic,2.999366385393468,0.0189161569999795,0.4980767614094805,FALSE,NA
-2.030406500212848,-2.9940955191850662,0.5958404405973852,neglognormal,0,0.6,TRUE,discrete_uniform,3,normal,NA,0.5,300,cubic,590.8460769611144,4.077647096151083e-124,66.57647456107249,TRUE,NA
-1.5191277698613703,-0.47878270503133535,0.9925039908848703,uniform,0,0.6,FALSE,discrete_uniform,9,normal,NA,1,50,cubic,12.540398449971272,7.595108464087829e-7,0.9955301875081161,FALSE,NA
0.6159627288579941,-0.550223910715431,0.6805592821910977,lognormal,0,0.6,TRUE,discrete_uniform,10,normal,NA,1,100,cubic,2.475822043408559,0.04953238384156483,0.3020529250774286,FALSE,NA
-2.4030946511775255,0.19155532121658325,0.6456624465063214,neglognormal,0,0.6,TRUE,discrete_uniform,5,normal,NA,0.25,50,cubic,46.218593273453266,4.953919908577935e-15,39.008624774267645,TRUE,NA
-0.6377376280725002,-2.1562072578817606,1.2594807422719896,neglognormal,0,0.6,FALSE,discrete_uniform,7,normal,NA,0.25,300,cubic,695.3479471536442,3.67271248801787e-148,34.863620227043604,TRUE,NA
-1.9450268056243658,1.8258196832612157,0.678116989787668,lognormal,0,0.6,FALSE,discrete_uniform,7,normal,NA,2,300,cubic,15.955754769222555,7.877517330814085e-12,1.4272002431490416,FALSE,NA
0.4429069678299129,2.0034771161153913,1.6107967025600374,neglognormal,0,0.6,FALSE,discrete_uniform,5,normal,NA,0.5,300,cubic,466.7085104024041,1.0220206180951139e-125,8.385287023249377,TRUE,NA
-0.6716222008690238,-2.529080516193062,0.17838373919948936,normal,0,0.3,TRUE,discrete_uniform,3,normal,NA,0.5,50,cubic,71.60812718145093,5.784478274903127e-17,7.515801018664388,TRUE,NA
-2.000369223766029,-2.7286588456481695,0.630064096301794,lognormal,0,0.6,FALSE,discrete_uniform,10,normal,NA,0.5,300,cubic,69.19442154676445,3.496095534540159e-41,6.687477768995027,TRUE,NA
-1.8421544702723622,2.4622425343841314,0.746370202396065,uniform,0,0.6,FALSE,discrete_uniform,10,normal,NA,0.5,100,cubic,183.35938194245867,3.2373914892063977e-43,16.705735103881008,TRUE,NA
2.2082249438390136,1.634226294234395,0.967113277874887,lognormal,0,0.6,TRUE,discrete_uniform,5,normal,NA,2,300,cubic,0.14409941918436547,0.9654991234521746,0.3035478294204098,FALSE,NA
-0.06318037770688534,1.5125056025572121,0.7951089492999017,uniform,0,0.6,TRUE,discrete_uniform,8,normal,NA,2,50,cubic,1.3700594758115434,0.2601784488851138,0.11507086462897997,FALSE,NA
-1.226181625854224,-1.4228493589907885,0.9908935399726033,lognormal,0,0.6,TRUE,discrete_uniform,3,normal,NA,0.5,300,cubic,6.4927915881992835,2.8780340828064827e-4,0.4570605074471854,FALSE,NA
-2.9067071238532662,-2.6458000168204308,0.8003629357554018,lognormal,0,0.6,TRUE,discrete_uniform,8,normal,NA,0.5,100,cubic,45.408873914064365,4.305920937135501e-21,8.884524873082013,TRUE,NA
0.996506713796407,1.1547982986085117,1.218856768682599,uniform,0,0.6,FALSE,discrete_uniform,7,normal,NA,2,50,cubic,0.7462016871466328,0.5659332463014375,0.20774090584196045,FALSE,NA
2.8635978559032083,-1.472947689704597,0.6818593954667449,normal,0,0.3,TRUE,discrete_uniform,6,normal,NA,0.25,50,cubic,167.7971681107266,1.2275585517117895e-25,38.43618279820414,TRUE,NA
-1.9325509937480092,-0.5122876768000424,1.9644618760794401,normal,0,0.3,TRUE,discrete_uniform,10,normal,NA,2,50,cubic,6.907707964363914,2.186860808042292e-4,0.24000260773365345,TRUE,NA
1.5050387671217322,2.721946546342224,0.590252379886806,uniform,0,0.6,TRUE,discrete_uniform,10,normal,NA,2,100,cubic,27.794320627392356,3.4625492763799993e-15,0.9723224845781484,TRUE,NA
0.28120999597012997,0.3397084129974246,1.8833680744282901,lognormal,0,0.6,TRUE,discrete_uniform,4,normal,NA,1,50,cubic,5.518158622133525,0.0011225548089891617,0.041926859395035036,FALSE,NA
-0.1344553311355412,-0.08406739309430122,1.2247577323578298,uniform,0,0.6,FALSE,discrete_uniform,4,normal,NA,2,300,cubic,0.26799864530684464,0.898424897927216,0.003064031247466744,FALSE,NA
-0.9630322647280991,-1.3251948840916157,1.8148017465136945,lognormal,0,0.6,TRUE,discrete_uniform,9,normal,NA,1,300,cubic,34.06426965460125,2.3972703307192752e-23,0.09021314435966177,FALSE,NA
-1.3160062241367996,-0.5050316364504397,0.3472543489187956,neglognormal,0,0.6,FALSE,discrete_uniform,7,normal,NA,1,100,cubic,16.81689536559254,2.0953024323335746e-10,1.9087008139119155,TRUE,NA
-0.37832343578338623,-2.428345221094787,1.029740414582193,lognormal,0,0.6,TRUE,discrete_uniform,8,normal,NA,0.25,300,cubic,233.6878225915654,7.811465640831228e-90,23.1675851859977,TRUE,NA
-0.7034509149380028,-0.054070557933300734,1.7741216970607638,lognormal,0,0.6,FALSE,discrete_uniform,5,normal,NA,2,100,cubic,2.2206130343301442,0.07268970595997905,0.07436792915163677,FALSE,NA
2.339751534629613,0.32668680930510163,0.24238521745428443,neglognormal,0,0.6,FALSE,discrete_uniform,9,normal,NA,0.5,100,cubic,37.774806984378465,9.696164775418279e-19,15.677018779129858,TRUE,NA
1.4492557304911315,-2.892208336852491,0.7325968886725605,uniform,0,0.6,TRUE,discrete_uniform,5,normal,NA,0.5,50,cubic,107.1754653331406,8.878112577567736e-22,13.362095930621974,TRUE,NA
1.6334887566044927,-2.8525723479688168,1.08607208263129,neglognormal,0,0.6,TRUE,discrete_uniform,6,normal,NA,0.5,50,cubic,20.8350013452496,1.3115484537497131e-9,3.3367554782943984,TRUE,NA
1.3742645387537777,1.1972431428730488,0.05654412088915706,neglognormal,0,0.6,TRUE,discrete_uniform,6,normal,NA,1,300,cubic,187.83878335601324,1.451376143120709e-79,2.5875430042419576,TRUE,NA
2.80875939829275,-0.20699406880885363,0.42645734269171953,neglognormal,0,0.6,TRUE,discrete_uniform,4,normal,NA,1,50,cubic,4.000166481930567,0.007596480632005303,5.736077666435066,TRUE,NA
1.0774550861679018,-0.6949253375642002,0.3242092481814325,lognormal,0,0.6,TRUE,discrete_uniform,8,normal,NA,0.25,50,cubic,45.3424280607815,6.889316606962246e-15,21.099570795941403,TRUE,NA
-1.42002795310691,-2.245477211661637,0.8101049419492483,neglognormal,0,0.6,TRUE,discrete_uniform,7,normal,NA,1,100,cubic,5.754841938820523,3.495401501575817e-4,7.8415631211090115,TRUE,NA
1.6362482230179012,-0.7442009006626904,1.9679623888805509,uniform,0,0.6,TRUE,discrete_uniform,4,normal,NA,2,50,cubic,2.0108334897015907,0.10993680777254981,0.5313501531768404,FALSE,NA
-1.7673226506449282,-1.7824533213861287,0.16430780198425055,neglognormal,0,0.6,FALSE,discrete_uniform,9,normal,NA,0.5,100,cubic,475.5681968888394,5.505059284377649e-61,16.068002150074204,TRUE,NA
0.018582729622721672,-1.4674711204133928,0.7002279032021761,neglognormal,0,0.6,TRUE,discrete_uniform,6,normal,NA,1,100,cubic,2.2784243971225693,0.06666082506175418,0.9325477422674971,FALSE,NA
0.6045345906168222,-1.5452338331378996,1.4623961835168302,uniform,0,0.6,FALSE,discrete_uniform,3,normal,NA,2,300,cubic,11.231912977948738,1.716727855138364e-8,0.18045285596176153,FALSE,NA
2.454698660876602,-1.7901999782770872,0.4067298308946192,normal,0,0.3,TRUE,discrete_uniform,5,normal,NA,0.25,50,cubic,54.103674989401036,3.133150796283185e-16,22.7953812208648,TRUE,NA
-0.12719112681224942,-2.410646863281727,0.18744067894294858,neglognormal,0,0.6,FALSE,discrete_uniform,9,normal,NA,0.5,50,cubic,62.236511074438866,2.522739543246146e-17,6.981849126344929,TRUE,NA
-1.4728360888548195,0.4144157306291163,1.2330713453702629,normal,0,0.3,TRUE,discrete_uniform,10,normal,NA,1,50,cubic,5.446313773053558,0.0012252428311954697,1.3246586485803662,FALSE,NA
-1.9466658309102058,0.8670983389019966,1.9073061980307102,uniform,0,0.6,TRUE,discrete_uniform,4,normal,NA,0.25,50,cubic,181.30664335741494,2.5695740632251113e-26,54.10052185186777,TRUE,NA
-0.03970518987625837,-0.8983412850648165,1.2704076073132455,lognormal,0,0.6,FALSE,discrete_uniform,7,normal,NA,0.25,100,cubic,32.18876615306638,7.915454642832521e-17,2.4714545823647818,FALSE,NA
2.3094700388610363,0.7328476854600012,1.7887691697105765,normal,0,0.3,FALSE,discrete_uniform,9,normal,NA,0.5,100,cubic,451.0369534872954,5.729125298313215e-60,8.24075611473678,TRUE,NA
2.4470124822109938,0.9538024300709367,1.5381942628882825,normal,0,0.3,TRUE,discrete_uniform,3,normal,NA,1,300,cubic,102.0079338179447,2.810001565440105e-45,2.9804141253825605,TRUE,NA
1.9944916698150337,1.0734266652725637,0.7603444620035589,lognormal,0,0.6,TRUE,discrete_uniform,9,normal,NA,2,300,cubic,6.508863550371822,4.967649924789209e-5,0.7794065701048851,FALSE,NA
-0.6588194891810417,1.007947234902531,0.08525225520133972,normal,0,0.3,FALSE,discrete_uniform,8,normal,NA,0.25,100,cubic,64.3542026117416,5.718657074354596e-26,4.359265854867968,TRUE,NA
-0.0557827390730381,0.6258796434849501,0.42333629820495844,uniform,0,0.6,FALSE,discrete_uniform,8,normal,NA,1,100,cubic,4.437088666058342,0.0025103470018637214,0.13829049120077516,FALSE,NA
0.40549900755286217,-0.9826803300529718,0.007196594029664993,normal,0,0.3,FALSE,discrete_uniform,5,normal,NA,2,100,cubic,4.789521915484183,0.0014750566784613086,0.04141169339117837,FALSE,NA
1.490180891007185,-2.5673368368297815,0.7975879088044167,uniform,0,0.6,FALSE,discrete_uniform,4,normal,NA,0.5,100,cubic,65.37104921616249,3.3572535303687967e-26,9.484407458248468,TRUE,NA
0.1329618114978075,-2.771579207852483,0.1373409410007298,normal,0,0.3,FALSE,discrete_uniform,10,normal,NA,0.5,300,cubic,406.69407641526686,3.142597182824182e-118,4.887802818994012,TRUE,NA
-2.849501580465585,-1.254149949643761,0.8898641732521355,normal,0,0.3,TRUE,discrete_uniform,3,normal,NA,0.5,300,cubic,81.58352432523036,1.9984718605683542e-38,11.308219446538978,TRUE,NA
-2.737192184664309,1.7175274989567697,1.3208769271150231,neglognormal,0,0.6,FALSE,discrete_uniform,5,normal,NA,2,50,cubic,6.192525127061377,5.007280741391875e-4,0.6668304682229907,TRUE,NA
1.8534223507158458,-2.5346790575422347,0.6112841707654297,lognormal,0,0.6,TRUE,discrete_uniform,8,normal,NA,1,50,cubic,1.575565715805832,0.19804857461829145,7.073246801154034,FALSE,NA
0.9074132773093879,-2.7903038542717695,0.8999541886150837,normal,0,0.3,TRUE,discrete_uniform,10,normal,NA,0.25,100,cubic,71.98033836944818,1.2125236035936877e-27,12.689812044531061,TRUE,NA
0.8563612522557378,1.644118167925626,0.23203290905803442,neglognormal,0,0.6,TRUE,discrete_uniform,3,normal,NA,0.25,300,cubic,2556.0041159090697,3.3558646238400556e-210,22.826418970468332,TRUE,NA
2.5578953018411994,0.1133858528919518,0.8547341502271593,neglognormal,0,0.6,TRUE,discrete_uniform,9,normal,NA,1,100,cubic,9.838505770416958,1.1084384960369926e-6,7.331564194772481,FALSE,NA
-0.29561801394447684,-0.9962692754343152,0.5397666213102639,normal,0,0.3,TRUE,discrete_uniform,9,normal,NA,0.25,50,cubic,4.021086439925394,0.007392434644334924,2.8468439498009164,FALSE,NA
-2.72347966209054,-1.5570240151137114,1.0957576232030988,lognormal,0,0.6,TRUE,discrete_uniform,6,normal,NA,2,100,cubic,8.505246636227431,6.809465157628612e-6,1.271829268532463,TRUE,NA
0.03162603406235576,-0.08847840735688806,1.8927860488183796,lognormal,0,0.6,FALSE,discrete_uniform,10,normal,NA,0.5,50,cubic,1.855143792980248,0.1358435563165868,0.016660834134171073,FALSE,NA
-1.572618851903826,-0.23218811955302954,1.3824696280062199,lognormal,0,0.6,TRUE,discrete_uniform,4,normal,NA,1,300,cubic,2.7043286277167455,0.03068237491719945,1.7647674212489204,FALSE,NA
-1.5789819387719035,-0.05161750875413418,0.8362714448012412,uniform,0,0.6,TRUE,discrete_uniform,8,normal,NA,1,300,cubic,34.74615375272783,9.604108957175278e-24,0.8893477194315315,TRUE,NA
2.6159662837162614,1.380412308499217,1.9859495824202895,uniform,0,0.6,TRUE,discrete_uniform,6,normal,NA,1,100,cubic,44.99673580178108,5.680039675358958e-21,3.5720915267038884,TRUE,NA
1.8487123986706138,-0.4533473113551736,1.7783105350099504,lognormal,0,0.6,FALSE,discrete_uniform,10,normal,NA,2,300,cubic,67.18172161929897,2.7697422300543945e-40,0.7661405593016531,FALSE,NA
-0.356476753950119,1.6053892825730145,0.8849574341438711,normal,0,0.3,TRUE,discrete_uniform,8,normal,NA,0.5,300,cubic,20.86515797572294,3.7840727353194124e-15,3.0707357450949555,FALSE,NA
-1.1478577489033341,-1.8127649794332683,1.99429911095649,neglognormal,0,0.6,TRUE,discrete_uniform,9,normal,NA,0.25,100,cubic,421.9618945026611,1.081973953263725e-58,30.445797998245805,TRUE,NA
2.503835548181087,-0.4935919619165361,0.44920420460402966,neglognormal,0,0.6,TRUE,discrete_uniform,9,normal,NA,0.5,100,cubic,93.0515345716812,1.1777538193598163e-31,8.9389750221545885,TRUE,NA
1.0611521154642105,1.4322077231481671,0.9391271779313684,normal,0,0.3,FALSE,discrete_uniform,5,normal,NA,0.5,300,cubic,38.93615144442089,3.9167650887828903e-26,2.2447207257482917,TRUE,NA
-1.7444690046831965,-1.2751425518654287,1.4481187583878636,lognormal,0,0.6,FALSE,discrete_uniform,10,normal,NA,2,50,cubic,8.111483011454105,5.767186038171084e-5,0.280433918962156,TRUE,NA
2.8028780235908926,0.6090317638590932,0.7203590949065983,normal,0,0.3,FALSE,discrete_uniform,5,normal,NA,0.5,300,cubic,158.22364178821223,6.306148685739857e-72,8.699567499750552,TRUE,NA
-2.472056418657303,1.7490050699561834,1.9733333578333259,lognormal,0,0.6,FALSE,discrete_uniform,9,normal,NA,1,50,cubic,145.51765242340673,2.1367282123126344e-24,7.848074198226846,TRUE,NA
-1.653687426354736,-2.2396713285706937,0.681622895412147,lognormal,0,0.6,TRUE,discrete_uniform,4,normal,NA,0.5,100,cubic,23.665575133875866,1.624835571593243e-13,17.369527025198217,FALSE,NA
1.637195815332234,0.8903633197769523,0.09650905802845955,uniform,0,0.6,TRUE,discrete_uniform,5,normal,NA,2,100,cubic,19.171983439013093,1.579085850790436e-11,0.8211208846083963,TRUE,NA
2.9121966236270964,1.2476217434741557,0.3541773818433285,lognormal,0,0.6,FALSE,discrete_uniform,7,normal,NA,1,50,cubic,38.915141227126355,9.156299301096779e-14,5.574832967157054,TRUE,NA
2.7829798394814134,-1.7803749712184072,1.0433457652106881,neglognormal,0,0.6,FALSE,discrete_uniform,6,normal,NA,1,100,cubic,16.545346308226197,2.8488197472377163e-10,2.532688556341509,FALSE,NA
-2.8097510444931686,2.004082979634404,1.1644952837377787,uniform,0,0.6,FALSE,discrete_uniform,10,normal,NA,1,50,cubic,25.35572863125737,7.837639771220395e-11,5.353520153365369,FALSE,NA
-1.60165991820395,2.023549951147288,1.7165518663823605,normal,0,0.3,FALSE,discrete_uniform,8,normal,NA,1,100,cubic,85.60465344376068,2.5124774465157784e-30,1.4199223579243323,TRUE,NA
0.8377738944254816,0.6792481262236834,1.065337359905243,uniform,0,0.6,TRUE,discrete_uniform,9,normal,NA,0.25,50,cubic,12.249340798740999,9.853677571614408e-7,6.836160589035183,FALSE,NA
1.7834050166420639,-0.6227732975967228,0.3744280021637678,normal,0,0.3,FALSE,discrete_uniform,6,normal,NA,1,100,cubic,12.926958958123839,2.0771863452551084e-8,0.8611531474975485,TRUE,NA
-0.23184080980718136,1.0941917560994625,0.9877359205856919,uniform,0,0.6,TRUE,discrete_uniform,7,normal,NA,1,50,cubic,3.000979777003599,0.02860103083053209,0.36865191686555926,FALSE,NA
-2.3110099397599697,-0.603046216070652,0.05028672190383077,lognormal,0,0.6,TRUE,discrete_uniform,5,normal,NA,0.5,100,cubic,46.2441901178399,2.4685236573976127e-21,16.767197284748953,TRUE,NA
-0.0693789767101407,2.1603312883526087,1.087048852816224,normal,0,0.3,FALSE,discrete_uniform,9,normal,NA,1,100,cubic,4.044441384003564,0.004553124336090257,0.75495440728511,FALSE,NA
-2.946089198347181,-2.3205185076221824,1.6245103171095252,normal,0,0.3,TRUE,discrete_uniform,9,normal,NA,0.5,100,cubic,243.3823114053532,2.3532374142926065e-48,5.108124125598104,TRUE,NA
-0.8101670402102172,-1.045586092863232,0.9352565291337669,lognormal,0,0.6,FALSE,discrete_uniform,9,normal,NA,0.5,50,cubic,6.524133628354981,3.3983251251419356e-4,1.1313101127907492,FALSE,NA
-1.7286103894002736,-0.5230281315743923,0.5000961725600064,neglognormal,0,0.6,FALSE,discrete_uniform,6,normal,NA,0.25,50,cubic,196.15801242766565,5.2016079727219104e-27,33.08873963128275,TRUE,NA
-1.7123710876330733,-1.5766068818047643,1.3035173839889467,uniform,0,0.6,FALSE,discrete_uniform,6,normal,NA,0.5,100,cubic,134.16707670015657,9.652194340904978e-38,9.691430016145024,TRUE,NA
0.4754060944542289,-2.9180268086493015,1.7283355109393597,normal,0,0.3,FALSE,discrete_uniform,4,normal,NA,0.25,300,cubic,6870.086650958064,3.705018880415739e-288,26.266570306116552,TRUE,NA
-0.18066801130771637,-1.3972658361308277,0.9771297350525856,lognormal,0,0.6,FALSE,discrete_uniform,6,normal,NA,0.5,50,cubic,3.4028793257461754,0.016686362982977494,1.7144013963677611,FALSE,NA
-0.28836532635614276,-2.5801513167098165,0.7705762130208313,normal,0,0.3,FALSE,discrete_uniform,4,normal,NA,1,50,cubic,0.9189188572763373,0.46171888593853117,0.8485998124171669,FALSE,NA
-2.926241013687104,2.6974597116932273,1.8259732285514474,uniform,0,0.6,TRUE,discrete_uniform,5,normal,NA,1,50,cubic,66.73404421808696,7.040992171330792e-18,6.96701692445623,TRUE,NA
1.4586248081177473,-2.6086642728187144,1.8563189152628183,normal,0,0.3,FALSE,discrete_uniform,6,normal,NA,0.25,300,cubic,10047.541993336212,3.945048463006e-312,25.361807001195448,TRUE,NA
1.1601515938527882,0.521332258824259,1.0605322760529816,normal,0,0.3,FALSE,discrete_uniform,6,normal,NA,2,300,cubic,8.173108696877014,2.9230211495135355e-6,0.11005922668099573,TRUE,NA
-2.0315143866464496,-2.1805598130449653,1.4591261008754373,neglognormal,0,0.6,TRUE,discrete_uniform,4,normal,NA,2,50,cubic,3.5863901317060285,0.013077971870362609,1.667044405991748,FALSE,NA
1.0908623887225986,-0.6113929627463222,0.47966725565493107,uniform,0,0.6,FALSE,discrete_uniform,3,normal,NA,0.5,100,cubic,71.93866612217087,1.2372842929362126e-27,3.571304478814164,TRUE,NA
-0.7421911200508475,1.187760204076767,0.08139581233263016,uniform,0,0.6,FALSE,discrete_uniform,7,normal,NA,1,300,cubic,200.41142760312403,1.5034975492548464e-82,0.7642453543969066,TRUE,NA
-0.26841295743361115,-2.0853292462415993,0.07889592088758945,uniform,0,0.6,TRUE,discrete_uniform,3,normal,NA,0.5,50,cubic,328.1098653833359,4.082553695359664e-30,3.063534883615083,TRUE,NA
2.497194243595004,-0.01359480433166027,0.3177111158147454,normal,0,0.3,TRUE,discrete_uniform,7,normal,NA,2,100,cubic,1.5177090006208607,0.20340929349259307,0.2711489238045546,TRUE,NA
2.501945060212165,-0.08641242608428001,0.4450808670371771,neglognormal,0,0.6,TRUE,discrete_uniform,7,normal,NA,0.25,100,cubic,346.46005828949086,6.0564381558858146e-55,44.36137846594271,TRUE,NA
1.5320629687048495,-0.6611470892094076,0.3387258197180927,lognormal,0,0.6,TRUE,discrete_uniform,3,normal,NA,0.5,300,cubic,310.92232721501034,7.537345341069984e-91,5.602418850408795,TRUE,NA
-2.478491665329784,-0.059333925135433674,1.4912305055186152,uniform,0,0.6,FALSE,discrete_uniform,5,normal,NA,1,50,cubic,34.59630476883545,6.313323038423875e-13,3.7787665188452406,FALSE,NA
0.17022697487846017,-0.6800457187928259,0.7264372417703271,normal,0,0.3,TRUE,discrete_uniform,7,normal,NA,1,300,cubic,1.5931572017860018,0.17610550254176324,0.11927356597559155,FALSE,NA
-0.6176320337690413,-2.8506206651218235,1.3745641075074673,neglognormal,0,0.6,TRUE,discrete_uniform,9,normal,NA,1,50,cubic,10.499303751744993,5.043076249090977e-6,5.821615719456709,TRUE,NA
2.875618885271251,0.1392956804484129,1.0472344337031245,normal,0,0.3,TRUE,discrete_uniform,4,normal,NA,1,300,cubic,9.61758842140286,2.548577502827331e-7,0.4163585656765293,TRUE,NA
-1.8364261016249657,1.948957834392786,1.5248425514437258,neglognormal,0,0.6,FALSE,discrete_uniform,8,normal,NA,0.5,300,cubic,666.0658821512649,1.0827301938522847e-145,5.764364714232988,TRUE,NA
-2.0228984621353447,0.745065410155803,1.3531796005554497,normal,0,0.3,TRUE,discrete_uniform,7,normal,NA,2,50,cubic,5.963564177082383,6.567297725936875e-4,0.4389872845174862,TRUE,NA
-2.8087342148646712,2.2245229706168175,0.46996396128088236,uniform,0,0.6,FALSE,discrete_uniform,4,normal,NA,0.5,100,cubic,430.9300425868948,4.284781598527755e-59,20.21706890007915,TRUE,NA
-0.2536262241192162,0.29994571348652244,1.686857239343226,normal,0,0.3,TRUE,discrete_uniform,10,normal,NA,0.25,100,cubic,15.435875982674185,1.0202566247479474e-9,0.3537731662823872,TRUE,NA
-2.329791847150773,-0.5500210938043892,0.003997662104666233,uniform,0,0.6,FALSE,discrete_uniform,9,normal,NA,2,100,cubic,55.058636679677555,1.0094188504286465e-23,0.8572672654776529,FALSE,NA
-2.284644125495106,0.5984652391634881,1.3092493396252394,neglognormal,0,0.6,TRUE,discrete_uniform,10,normal,NA,2,300,cubic,0.9257452965351206,0.44924661545831646,0.46867740901979105,FALSE,NA
-1.5031157112680376,0.8873492195270956,1.009963252581656,neglognormal,0,0.6,TRUE,discrete_uniform,5,normal,NA,0.5,100,cubic,6.5204426618928615,1.1383415075609976e-4,1.6522169546712033,TRUE,NA
2.0432720468379557,1.0406522015109658,0.3032973245717585,uniform,0,0.6,TRUE,discrete_uniform,3,normal,NA,2,50,cubic,7.884828940023775,2.563449024797742e-4,0.2824576574860804,TRUE,NA
-2.05766871990636,-2.8672679965384305,0.2802059571258724,neglognormal,0,0.6,FALSE,discrete_uniform,4,normal,NA,2,300,cubic,77.27086376060147,1.1439160220912771e-44,1.7435761213895384,TRUE,NA
1.3047992871142924,-1.4311893777921796,0.2373165632598102,uniform,0,0.6,TRUE,discrete_uniform,7,normal,NA,0.5,50,cubic,301.7855643957251,7.457830091531453e-31,6.785302582151509,TRUE,NA
-2.2400309247896075,-1.1967049869708717,0.33885001158341765,lognormal,0,0.6,FALSE,discrete_uniform,6,normal,NA,0.5,300,cubic,105.17019090013966,1.990940476113882e-55,11.546021464974705,TRUE,NA
2.6083961091935635,2.1131337443366647,0.917759083211422,lognormal,0,0.6,FALSE,discrete_uniform,4,normal,NA,0.5,100,cubic,36.387568078616354,2.7856127560583874e-18,11.144471847746782,TRUE,NA
-1.9367019175551832,-2.012487256899476,1.8473370955325663,neglognormal,0,0.6,FALSE,discrete_uniform,9,normal,NA,2,300,cubic,168.46808429633637,1.129293820874332e-74,1.4839492220320138,TRUE,NA
2.092797691002488,-1.3992975382134318,0.6766468235291541,normal,0,0.3,TRUE,discrete_uniform,6,normal,NA,1,50,cubic,5.071879445617074,0.001942781948255283,0.38569900010118985,FALSE,NA
2.831439003814012,-1.6410935777239501,1.2402347698807716,normal,0,0.3,TRUE,discrete_uniform,9,normal,NA,0.25,300,cubic,1319.1385373357632,6.010335875581706e-186,31.99859845636261,TRUE,NA
0.46860755095258355,0.9083998175337911,1.4840272818692029,normal,0,0.3,FALSE,discrete_uniform,6,normal,NA,1,300,cubic,24.550950365014536,1.5355768132119854e-17,0.1865199657634437,TRUE,NA
-1.900435138028115,-2.8609113385900855,0.7557492852210999,normal,0,0.3,FALSE,discrete_uniform,3,normal,NA,0.5,300,cubic,124.5498687310783,5.845831335735938e-62,9.267623163651626,TRUE,NA
1.9424609653651714,-0.013504102360457182,0.02258341573178768,lognormal,0,0.6,TRUE,discrete_uniform,10,normal,NA,0.5,50,cubic,14.710741310016056,1.1936621783026072e-7,10.044318625127712,TRUE,NA
-2.68290823046118,-1.2953700721263885,0.7416801890358329,neglognormal,0,0.6,FALSE,discrete_uniform,4,normal,NA,0.25,50,cubic,191.34393351191721,8.618139673351433e-27,105.08849060401697,TRUE,NA
-1.0082428408786654,0.4946096995845437,0.7806536937132478,uniform,0,0.6,TRUE,discrete_uniform,4,normal,NA,0.5,50,cubic,14.482411080966697,1.4398911668384644e-7,2.026115377415828,TRUE,NA
1.3712820648215711,1.4462874555028975,0.08307417202740908,uniform,0,0.6,TRUE,discrete_uniform,7,normal,NA,0.25,100,cubic,1967.1505134659283,6.451106265093376e-89,25.228210578545,TRUE,NA
2.649530488997698,-2.270577813964337,0.516351786442101,neglognormal,0,0.6,FALSE,discrete_uniform,7,normal,NA,0.5,100,cubic,11.941991714970708,7.141685591059409e-8,10.891734611825063,FALSE,NA
2.2424936508759856,1.9259998141787946,0.009085146244615316,lognormal,0,0.6,FALSE,discrete_uniform,10,normal,NA,1,300,cubic,81.08407000737036,2.9962643246912393e-46,2.1999259085709455,TRUE,NA
1.301464854273945,-0.4474158212542534,0.8203600430861115,normal,0,0.3,FALSE,discrete_uniform,8,normal,NA,2,100,cubic,2.9442045876144176,0.02434293830237965,0.10958075108375105,TRUE,NA
1.7854135776869953,-1.795715686865151,1.5312094348482788,lognormal,0,0.6,TRUE,discrete_uniform,4,normal,NA,1,100,cubic,1.267303802505743,0.2884856533505068,2.9955358998100663,FALSE,NA
-0.41209518956020474,2.4544387254863977,0.27265821071341634,neglognormal,0,0.6,TRUE,discrete_uniform,5,normal,NA,0.5,300,cubic,379.84936597743183,1.4280846931823465e-114,1.3745688316985707,TRUE,NA
-2.6343419775366783,-2.2635841900482774,1.5135366125032306,normal,0,0.3,FALSE,discrete_uniform,6,normal,NA,2,300,cubic,112.08945031535397,7.750565225450977e-58,0.7282868615895868,TRUE,NA
-1.4024121053516865,0.7866176976822317,0.9832228911109269,normal,0,0.3,TRUE,discrete_uniform,5,normal,NA,0.25,50,cubic,8.577739841304494,3.5099722033166536e-5,3.7863172688764557,FALSE,NA
1.78739523421973,-2.894009431824088,0.6889720102772117,neglognormal,0,0.6,TRUE,discrete_uniform,3,normal,NA,0.5,50,cubic,16.757524612908664,2.0987343730589193e-7,0.2002814034560001,TRUE,NA
-0.3884005453437567,2.956052946858108,0.6717354189604521,neglognormal,0,0.6,TRUE,discrete_uniform,7,normal,NA,0.5,300,cubic,144.78294748640707,3.920131341603807e-68,6.8298496051689055,TRUE,NA
-0.118678477127105,-2.5071148476563394,1.2372846347279847,normal,0,0.3,FALSE,discrete_uniform,3,normal,NA,1,100,cubic,13.597271989031563,9.118389482736007e-9,1.2270368646314382,TRUE,NA
-1.6805629539303482,0.33544443268328905,0.058475347235798836,neglognormal,0,0.6,FALSE,discrete_uniform,6,normal,NA,1,50,cubic,5.962510006880853,6.575548218511597e-4,1.5824168756516601,TRUE,NA
-2.6837281258776784,1.1051187445409596,0.9102861182764173,lognormal,0,0.6,TRUE,discrete_uniform,7,normal,NA,0.5,300,cubic,192.4794517789556,1.1060088689768412e-80,30.873179733783754,TRUE,NA
2.014932895079255,-2.0958363306708634,0.5082533336244524,uniform,0,0.6,TRUE,discrete_uniform,3,normal,NA,2,100,cubic,28.363700087900185,3.7826465253298264e-13,1.4998999350963413,TRUE,NA
-2.9743245178833604,-1.0079755866900086,1.9422939936630428,normal,0,0.3,TRUE,discrete_uniform,9,normal,NA,2,300,cubic,287.14738822265934,4.9736340224284e-100,1.0954724322780616,TRUE,NA
-0.48011775640770793,1.7846706071868539,1.1437562182545662,neglognormal,0,0.6,FALSE,discrete_uniform,4,normal,NA,0.25,100,cubic,66.54677699196709,1.8271964915312794e-26,8.054918148678853,TRUE,NA
0.13011170458048582,1.5039196126163006,0.7321870191954076,normal,0,0.3,TRUE,discrete_uniform,6,normal,NA,0.25,100,cubic,19.212023240250186,1.51296147901832e-11,8.52559167507932,FALSE,NA
-0.40503287175670266,2.65181982005015,0.44923000503331423,normal,0,0.3,FALSE,discrete_uniform,4,normal,NA,1,50,cubic,1.8328083676574642,0.1400203176720444,1.0840646897469801,FALSE,NA
1.6167570753023028,1.9308389886282384,1.1389752132818103,uniform,0,0.6,FALSE,discrete_uniform,7,normal,NA,2,50,cubic,3.840831821351591,0.009354213601615265,0.6886264119904163,TRUE,NA
-1.0081675937399268,-0.2755202567204833,1.0485779228620231,uniform,0,0.6,FALSE,discrete_uniform,5,normal,NA,1,100,cubic,5.8266915579509675,3.143602323061051e-4,0.6694630219184878,FALSE,NA
1.9113268358632922,1.892269876319915,0.2782162562943995,normal,0,0.3,TRUE,discrete_uniform,7,normal,NA,0.5,300,cubic,91.9756053468121,1.4544927486453437e-50,4.121533248541809,TRUE,NA
-0.7354998327791691,0.867222405038774,0.38313517114147544,lognormal,0,0.6,FALSE,discrete_uniform,5,normal,NA,0.25,300,cubic,221.66953496027398,2.6823493518820217e-87,14.62703904744779,TRUE,NA
-2.274829032830894,0.9385670064948499,1.2698378963395953,uniform,0,0.6,FALSE,discrete_uniform,4,normal,NA,1,50,cubic,25.90032205377564,5.714228652141939e-11,3.898660736919377,TRUE,NA
1.3285021875053644,2.1457520951516926,1.6402854388579726,neglognormal,0,0.6,FALSE,discrete_uniform,4,normal,NA,0.5,300,cubic,1268.3673534009986,1.3845107720867196e-183,16.653267944757115,TRUE,NA
-0.3454336398281157,-2.8387281903997064,0.31023979373276234,lognormal,0,0.6,TRUE,discrete_uniform,3,normal,NA,0.5,100,cubic,193.58177209293706,4.2416310712732475e-40,3.0003061708063927,TRUE,NA
-2.849400973878801,-1.6277707074768841,1.4774152436293662,neglognormal,0,0.6,FALSE,discrete_uniform,6,normal,NA,0.5,100,cubic,437.6082125394823,2.17512316924811e-59,41.10375005293642,TRUE,NA
-2.364912916906178,-0.14452906558290124,0.8392419475130737,normal,0,0.3,TRUE,discrete_uniform,7,normal,NA,2,50,cubic,1.0288688160719524,0.40331579607449525,0.2716710586772969,FALSE,NA
-0.7247610208578408,2.7859594062902033,0.47976263612508774,lognormal,0,0.6,TRUE,discrete_uniform,6,normal,NA,2,50,cubic,6.826820275195141,2.3983016250512067e-4,0.7154295054399582,TRUE,NA
0.8258470259606838,-2.0187508100643754,0.5676022632978857,neglognormal,0,0.6,FALSE,discrete_uniform,7,normal,NA,0.25,300,cubic,230.98161589734292,2.8508807739387312e-89,12.855814827319858,TRUE,NA
-2.6982086151838303,2.584106704685837,0.852964797988534,normal,0,0.3,FALSE,discrete_uniform,6,normal,NA,1,100,cubic,12.613150777735356,3.068445506671484e-8,3.278606232198842,TRUE,NA
1.2156215971335769,-2.918513121083379,0.48412435920909047,lognormal,0,0.6,TRUE,discrete_uniform,4,normal,NA,1,50,cubic,16.197650100308223,3.6544434316866514e-8,8.276640903504818,FALSE,NA
-1.3434377289377153,1.2935295444913208,1.0189754054881632,lognormal,0,0.6,TRUE,discrete_uniform,4,normal,NA,1,100,cubic,10.638765987148467,3.838302810512515e-7,2.166297366666668,FALSE,NA
0.6978868134319782,-1.95894536934793,1.1688039107248187,uniform,0,0.6,FALSE,discrete_uniform,9,normal,NA,0.25,50,cubic,49.45335693288609,1.5288680393613302e-15,18.2672972495525,TRUE,NA
0.09282868495211005,0.0623511727899313,0.9980958960950375,neglognormal,0,0.6,FALSE,discrete_uniform,3,normal,NA,0.25,50,cubic,1.3357385607109913,0.2721692628918929,0.15873109891030418,FALSE,NA
-2.9898279262706637,-1.0793533930554986,1.660093386657536,neglognormal,0,0.6,TRUE,discrete_uniform,7,normal,NA,0.5,300,cubic,1692.9802382843352,4.491690958554408e-201,40.62900879655886,TRUE,NA
-1.6316511193290353,-2.2655815319158137,1.7811275674030185,neglognormal,0,0.6,TRUE,discrete_uniform,5,normal,NA,0.25,300,cubic,662.8865047782226,2.03477669083103e-145,41.543259063677226,TRUE,NA
0.2042209915816784,-0.02644844725728035,1.8908516438677907,normal,0,0.3,FALSE,discrete_uniform,10,normal,NA,2,300,cubic,0.8007764053367338,0.5254854062526615,0.0031900374142299626,FALSE,NA
-1.9916672785766423,1.5152145219035447,0.6201495942659676,lognormal,0,0.6,FALSE,discrete_uniform,4,normal,NA,1,300,cubic,52.247178142625906,3.4416903907972856e-33,5.084753127986351,TRUE,NA
0.4062328292056918,2.3452712022699416,1.6538242823444307,uniform,0,0.6,TRUE,discrete_uniform,8,normal,NA,0.25,100,cubic,323.74569185401424,1.1503428626054888e-53,23.71460369352085,TRUE,NA
-0.4205260667949915,1.4383638161234558,0.5072635859251022,lognormal,0,0.6,TRUE,discrete_uniform,10,normal,NA,0.5,100,cubic,32.09836297827647,8.529814412068866e-17,3.403867419289251,TRUE,NA
-1.5119336592033505,2.8820449076592922,1.7177800135686994,normal,0,0.3,TRUE,discrete_uniform,4,normal,NA,0.5,50,cubic,845.8535445863694,2.933985091735247e-40,11.504397713704755,TRUE,NA
-0.33698442159220576,1.8107950980775058,0.6102547994814813,normal,0,0.3,FALSE,discrete_uniform,4,normal,NA,2,300,cubic,2.949810319452852,0.02052480884001569,0.1311759103675951,FALSE,NA
0.8393395221792161,1.4422686276957393,0.2202183185145259,uniform,0,0.6,TRUE,discrete_uniform,7,normal,NA,1,300,cubic,127.9249869406248,4.94977460169141e-63,2.273184253356636,TRUE,NA
-1.475660084746778,0.7010977333411574,0.6776770069263875,lognormal,0,0.6,TRUE,discrete_uniform,6,normal,NA,1,300,cubic,15.158546747008861,2.8175067666270866e-11,1.8543969364862058,FALSE,NA
2.0571468234993517,-2.5482155419886112,1.258425537031144,uniform,0,0.6,TRUE,discrete_uniform,10,normal,NA,1,300,cubic,173.1411691685747,6.887252231324173e-76,4.8052245515705385,TRUE,NA
-2.7693490558303893,-1.9030442959629,1.3499802476726472,normal,0,0.3,FALSE,discrete_uniform,5,normal,NA,0.5,100,cubic,323.54048246458575,1.1823762879979145e-53,11.895392201955003,TRUE,NA
-2.5691788159310818,0.8050016099587083,1.705978976096958,uniform,0,0.6,FALSE,discrete_uniform,8,normal,NA,0.5,100,cubic,462.6931763193683,1.8548240562894608e-60,17.039556334828657,TRUE,NA
-0.67617715196684,0.3682495392858982,1.0136517160572112,normal,0,0.3,FALSE,discrete_uniform,9,normal,NA,0.5,100,cubic,4.275300368042767,0.003207231102336404,0.6695871192216452,FALSE,NA
0.6183500317856669,-1.1846332387067378,1.9132669568061829,neglognormal,0,0.6,TRUE,discrete_uniform,10,normal,NA,0.25,300,cubic,736.4243358516496,1.797837565092028e-151,1.398078257741191,TRUE,NA
-0.7374430750496686,-0.6680950527079403,1.0208854586817324,lognormal,0,0.6,TRUE,discrete_uniform,8,normal,NA,2,50,cubic,1.6891607600033587,0.17002460732914276,0.03088246463630082,FALSE,NA
-2.410802811384201,0.14565806882455945,1.0236606216058135,neglognormal,0,0.6,TRUE,discrete_uniform,10,normal,NA,0.25,50,cubic,64.76146369918465,1.2209093181706686e-17,50.84150366154818,TRUE,NA
-2.0470645129680634,1.0113297114148736,1.5906330905854702,normal,0,0.3,FALSE,discrete_uniform,5,normal,NA,0.5,50,cubic,130.00377613748964,2.0075315717180007e-23,5.619533834403746,TRUE,NA
-0.46967247035354376,-0.20507885003462434,0.24896028405055404,uniform,0,0.6,FALSE,discrete_uniform,10,normal,NA,0.25,50,cubic,26.80461073827089,3.4152573223124705e-11,1.6448354386209718,TRUE,NA
2.2124651670455933,0.4366096439771354,0.005305327940732241,neglognormal,0,0.6,TRUE,discrete_uniform,10,normal,NA,0.25,100,cubic,248.88936985938705,9.112350628421415e-49,49.04144927617565,TRUE,NA
-2.936216093134135,2.886996567249298,1.86325798695907,uniform,0,0.6,TRUE,discrete_uniform,8,normal,NA,2,50,cubic,20.72163534297515,1.4145029301962511e-9,1.8767939465558243,TRUE,NA
0.1020942684262991,-2.5408076271414757,0.8542233221232891,lognormal,0,0.6,TRUE,discrete_uniform,8,normal,NA,2,100,cubic,2.951655301058997,0.024068412615708527,0.7471759045936608,FALSE,NA
-1.27481959015131,-1.3236867715604603,1.3969405749812722,lognormal,0,0.6,TRUE,discrete_uniform,5,normal,NA,1,100,cubic,19.51307840633033,1.0981732555134378e-11,2.0978589769511164,TRUE,NA
-1.3086704788729548,1.0506920423358679,1.9161640466190875,lognormal,0,0.6,TRUE,discrete_uniform,7,normal,NA,0.25,100,cubic,735.2869170768424,1.9196084950604329e-69,31.06925474058885,TRUE,NA
1.9672350590117276,2.871782939415425,1.5668614101596177,normal,0,0.3,TRUE,discrete_uniform,6,normal,NA,0.25,50,cubic,174.9478580538514,5.289351584013886e-26,8.736941861388566,TRUE,NA
1.8838547193445265,-2.082257126457989,1.9996644938364625,neglognormal,0,0.6,FALSE,discrete_uniform,7,normal,NA,2,50,cubic,17.672204514058123,1.1996128314183353e-8,0.42108794239827907,TRUE,NA
-1.9487321265041828,-2.2729743411764503,1.7656916175037622,neglognormal,0,0.6,FALSE,discrete_uniform,4,normal,NA,0.25,300,cubic,7059.62528878494,7.167848496797336e-290,92.9144106044795,TRUE,NA
1.7809088872745633,-1.8662707074545324,0.887821510899812,normal,0,0.3,FALSE,discrete_uniform,8,normal,NA,0.5,300,cubic,105.60607658556971,1.3948912110944097e-55,6.099528048596143,TRUE,NA
-1.1385831059888005,-2.4570446172729135,1.9187707882374525,lognormal,0,0.6,FALSE,discrete_uniform,5,normal,NA,0.25,50,cubic,2445.2025981966053,4.324288303338718e-50,12.33878550884748,TRUE,NA
-1.1991550787352026,-0.8174269208684564,0.91392852505669,normal,0,0.3,FALSE,discrete_uniform,9,normal,NA,1,100,cubic,2.8347936422316278,0.028751155757366482,0.5800609551309129,FALSE,NA
-0.672821328509599,2.630404789466411,1.881725306622684,uniform,0,0.6,TRUE,discrete_uniform,9,normal,NA,0.5,300,cubic,341.03339922813245,7.000881372654932e-109,5.78905539948986,TRUE,NA
-0.635842451825738,2.219255207106471,1.1970331519842148,neglognormal,0,0.6,TRUE,discrete_uniform,5,normal,NA,2,100,cubic,10.900657420400739,2.725424079975791e-7,0.33063447225041964,TRUE,NA
0.6692128535360098,2.394067781511694,1.0778871141374111,uniform,0,0.6,TRUE,discrete_uniform,10,normal,NA,0.5,50,cubic,13.448272879950098,3.4367199796503236e-7,6.301335142995318,TRUE,NA
0.8600659039802849,0.20154260471463203,1.4036870058625937,uniform,0,0.6,FALSE,discrete_uniform,9,normal,NA,1,50,cubic,4.558012210287204,0.003705604886428087,0.576622339193141,FALSE,NA
0.21583308326080441,-1.996108262334019,1.3903663414530456,normal,0,0.3,TRUE,discrete_uniform,5,normal,NA,2,300,cubic,4.304640541249153,0.0021247857243255177,0.1657583225421908,FALSE,NA
2.6751975640654564,0.12225318141281605,0.2483431501314044,normal,0,0.3,TRUE,discrete_uniform,10,normal,NA,0.25,100,cubic,303.96079131546537,1.7561662046656445e-52,12.33923695671244,TRUE,NA
0.15714472671970725,2.8135249726474285,1.6917807888239622,normal,0,0.3,FALSE,discrete_uniform,8,normal,NA,1,100,cubic,101.09487641186897,5.3378075755112876e-33,1.1308154523971452,TRUE,NA
-2.604082896374166,2.7541052866727114,0.012701980769634247,uniform,0,0.6,FALSE,discrete_uniform,3,normal,NA,0.5,100,cubic,1412.3579417675796,2.5483167190432432e-82,25.40804107666632,TRUE,NA
0.6047542439773679,-0.2870645667426288,0.5317252180539072,uniform,0,0.6,TRUE,discrete_uniform,10,normal,NA,0.25,50,cubic,25.679075248542507,6.493318236576592e-11,4.004943358200289,TRUE,NA
-0.9935923470184207,2.928051842842251,1.7120557152666152,neglognormal,0,0.6,TRUE,discrete_uniform,3,normal,NA,0.5,50,cubic,87.75036028594599,1.3491822614275755e-18,3.7817510229734905,TRUE,NA
-2.6947747729718685,0.1950021693482995,1.6939459866844118,neglognormal,0,0.6,FALSE,discrete_uniform,3,normal,NA,0.5,300,cubic,1565.7802302490863,2.5491831760846996e-196,18.82852788164058,TRUE,NA
-1.3405194240622222,1.163481458555907,1.0862509282305837,uniform,0,0.6,TRUE,discrete_uniform,3,normal,NA,0.25,50,cubic,36.66480214164471,4.925741526889271e-12,22.53243517043722,FALSE,NA
-2.1002977369353175,-0.5048292917199433,0.8685493082739413,uniform,0,0.6,FALSE,discrete_uniform,10,normal,NA,0.25,50,cubic,183.22184408334093,2.077074779824562e-26,33.62897027572159,TRUE,NA
-2.5745976702310145,0.8399830344133079,1.6749369585886598,normal,0,0.3,FALSE,discrete_uniform,9,normal,NA,0.25,100,cubic,1616.689906787863,5.245567006880089e-85,26.54111130924964,TRUE,NA
1.3141914219595492,1.1830111392773688,0.7670237799175084,lognormal,0,0.6,FALSE,discrete_uniform,7,normal,NA,0.25,50,cubic,26.913794153213885,3.212106489451514e-11,13.689189093231223,FALSE,NA
-1.1205416629090905,1.0119544034823775,0.49061232106760144,uniform,0,0.6,FALSE,discrete_uniform,6,normal,NA,2,300,cubic,13.3848593377332,4.964501111848555e-10,0.23984758811867496,TRUE,NA
1,26.17652966082096,NA,discrete_uniform,0,0.6,FALSE,NA,NA,NA,NA,NA,50,heter,17.112412215656246,1.9234765737166044e-4,185.096016310973,TRUE,10
-1,26.489258877933025,NA,discrete_uniform,0,0.6,FALSE,NA,NA,NA,NA,NA,100,heter,14.943793458355836,5.688483217815641e-4,264.89258877933025,TRUE,20
1,10.545315720140934,NA,lognormal,0,0.6,FALSE,NA,NA,NA,NA,NA,300,heter,11.672151727149615,0.002920279746850785,182.65022609138884,TRUE,11
-1,8.648769684135914,NA,discrete_uniform,0,0.6,FALSE,NA,NA,NA,NA,NA,100,heter,21.670026548579298,1.9697609509282877e-5,86.48769684135914,TRUE,20
-1,24.733499854803085,NA,uniform,0,0.6,FALSE,NA,NA,NA,NA,NA,100,heter,23.58373550006598,7.565835681281263e-6,247.33499854803085,TRUE,14
1,9.786290623247623,NA,neglognormal,0,0.6,FALSE,NA,NA,NA,NA,NA,300,heter,32.81915643779117,7.47155037942943e-8,169.50352577099778,FALSE,18
0,29.76838017255068,NA,lognormal,0,0.6,FALSE,NA,NA,NA,NA,NA,300,heter,32.76394451273903,7.680683092827542e-8,515.6034691788376,TRUE,13
-1,13.94086204469204,NA,discrete_uniform,0,0.6,FALSE,NA,NA,NA,NA,NA,50,heter,6.56786990223624,0.03748048238921174,98.576780873879,TRUE,12
1,0.28395579755306244,NA,discrete_uniform,0,0.6,FALSE,NA,NA,NA,NA,NA,100,heter,8.203535985340384,0.016543400919286192,2.8395579755306244,FALSE,13
-1,7.138910815119743,NA,neglognormal,0,0.6,FALSE,NA,NA,NA,NA,NA,300,heter,8.458261844755606,0.014565043202664187,123.64956242490345,TRUE,14
0,30.40491434931755,NA,neglognormal,0,0.6,FALSE,NA,NA,NA,NA,NA,50,heter,2.7534168855367245,0.25240800260685414,214.99521117798605,TRUE,14
-1,15.584516800940037,NA,lognormal,0,0.6,FALSE,NA,NA,NA,NA,NA,300,heter,190.54887620008427,4.196017267304522e-42,269.9317491063893,TRUE,17
-1,16.48949847370386,NA,neglognormal,0,0.6,FALSE,NA,NA,NA,NA,NA,300,heter,12.627559895153501,0.0018111741405568344,285.60649147784545,TRUE,10
0,13.171968646347523,NA,discrete_uniform,0,0.6,FALSE,NA,NA,NA,NA,NA,100,heter,18.85102923099729,8.064009177986908e-5,131.71968646347523,TRUE,11
-1,29.986633986234665,NA,normal,0,0.3,FALSE,NA,NA,NA,NA,NA,300,heter,27.878576594873635,8.835762031731145e-7,519.383736121301,TRUE,12
1,9.624692603945732,NA,normal,0,0.3,FALSE,NA,NA,NA,NA,NA,50,heter,30.58246813228097,2.28613263629947e-7,68.05685407086037,FALSE,13
-1,14.0613012611866,NA,uniform,0,0.6,FALSE,NA,NA,NA,NA,NA,300,heter,54.189198847070095,1.7098774348056479e-12,243.54888204907525,TRUE,20
1,7.9754564464092255,NA,discrete_uniform,0,0.6,FALSE,NA,NA,NA,NA,NA,50,heter,8.514587048555219,0.01416057584848436,56.394993363139285,TRUE,15
-1,2.8103147596120834,NA,neglognormal,0,0.6,FALSE,NA,NA,NA,NA,NA,50,heter,1.4729610007828091,0.47879607620550857,19.871926237903466,FALSE,15
0,9.735122583806515,NA,discrete_uniform,0,0.6,FALSE,NA,NA,NA,NA,NA,100,heter,25.278667734127097,3.241955479823521e-6,97.35122583806515,TRUE,15
0,13.40006897598505,NA,discrete_uniform,0,0.6,FALSE,NA,NA,NA,NA,NA,300,heter,50.69040211525518,9.833747164336738e-12,232.09600291333567,TRUE,12
0,31.031421348452568,NA,uniform,0,0.6,FALSE,NA,NA,NA,NA,NA,300,heter,56.79620369693254,4.643667021444426e-13,537.4799840659738,TRUE,13
-1,31.197193913161755,NA,neglognormal,0,0.6,FALSE,NA,NA,NA,NA,NA,50,heter,1.0226604261631165,0.599697322780927,220.5974736998836,FALSE,17
1,22.07961220294237,NA,normal,0,0.3,FALSE,NA,NA,NA,NA,NA,300,heter,37.3502798996237,7.753356815983781e-9,382.43010146913974,TRUE,16
1,0.28953197598457336,NA,discrete_uniform,0,0.6,FALSE,NA,NA,NA,NA,NA,50,heter,1.950532829893486,0.37709187726715837,2.0473002358903245,TRUE,15
-1,4.674433305859566,NA,neglognormal,0,0.6,FALSE,NA,NA,NA,NA,NA,300,heter,9.571350457532903,0.008348484707305264,80.96355982340918,TRUE,14
-1,10.040860779583454,NA,lognormal,0,0.6,FALSE,NA,NA,NA,NA,NA,100,heter,18.62472817290065,9.030081370518434e-5,100.40860779583454,TRUE,10
1,8.397121533751488,NA,normal,0,0.3,FALSE,NA,NA,NA,NA,NA,100,heter,10.844699996527524,0.004416755075766124,83.97121533751488,TRUE,19
1,2.221600390970707,NA,uniform,0,0.6,FALSE,NA,NA,NA,NA,NA,100,heter,13.922989029142807,9.476791952913416e-4,22.21600390970707,TRUE,13
-1,7.086517803370953,NA,uniform,0,0.6,FALSE,NA,NA,NA,NA,NA,50,heter,17.537756532437513,1.5549791011367254e-4,50.10924793762798,TRUE,11
1,0.25534752756357193,NA,discrete_uniform,0,0.6,FALSE,NA,NA,NA,NA,NA,50,heter,7.4247632921638935,0.024419295840347112,1.8055796829942057,FALSE,14
0,12.214497745037079,NA,neglognormal,0,0.6,FALSE,NA,NA,NA,NA,NA,300,heter,17.76723021713385,1.386420524403655e-4,211.56130683339705,TRUE,20
0,30.4905269369483,NA,uniform,0,0.6,FALSE,NA,NA,NA,NA,NA,50,heter,8.897029694390001,0.011695924312852426,215.60058359067236,TRUE,19
0,19.871827632188797,NA,discrete_uniform,0,0.6,FALSE,NA,NA,NA,NA,NA,300,heter,57.18367323599446,3.8258076332014873e-13,344.1901509820214,TRUE,17
-1,2.0445243418216705,NA,discrete_uniform,0,0.6,FALSE,NA,NA,NA,NA,NA,300,heter,20.117677435192025,4.28057243597789e-5,35.41220037346452,FALSE,10
1,5.354911662638187,NA,normal,0,0.3,FALSE,NA,NA,NA,NA,NA,100,heter,7.295113732616176,0.026054706213628178,53.549116626381874,TRUE,15
-1,30.482560232281685,NA,normal,0,0.3,FALSE,NA,NA,NA,NA,NA,50,heter,5.298605013819516,0.07070050898314065,215.5442504817376,FALSE,16
0,3.173035129904747,NA,normal,0,0.3,FALSE,NA,NA,NA,NA,NA,100,heter,14.5252482463336,7.012654122142122e-4,31.73035129904747,TRUE,20
-1,27.455947138369083,NA,uniform,0,0.6,FALSE,NA,NA,NA,NA,NA,50,heter,28.509024276220842,6.446797609407563e-7,194.14286405440163,TRUE,16
0,30.08756284415722,NA,uniform,0,0.6,FALSE,NA,NA,NA,NA,NA,300,heter,39.520242242562574,2.6199224436252724e-9,521.1318752200186,TRUE,17
-1,21.886378586292267,NA,neglognormal,0,0.6,FALSE,NA,NA,NA,NA,NA,50,heter,0.1255224745426786,0.9391676851605757,154.76006713983307,FALSE,19
-1,21.680148519575596,NA,lognormal,0,0.6,FALSE,NA,NA,NA,NA,NA,300,heter,141.54135905186334,1.839434811705181e-31,375.5111875154411,TRUE,15
0,2.2170610949397087,NA,lognormal,0,0.6,FALSE,NA,NA,NA,NA,NA,300,heter,15.01157375687755,5.49892981127645e-4,38.40062459919862,TRUE,20
-1,14.127629891037941,NA,discrete_uniform,0,0.6,FALSE,NA,NA,NA,NA,NA,300,heter,67.83541300932902,1.86091795513125e-15,244.6977276180648,TRUE,14
1,8.370951473712921,NA,normal,0,0.3,FALSE,NA,NA,NA,NA,NA,100,heter,13.759888966306738,0.0010282011260744615,83.70951473712921,TRUE,14
1,22.522334821522236,NA,lognormal,0,0.6,FALSE,NA,NA,NA,NA,NA,50,heter,7.8002074810112125,0.02023981164859546,159.25695680452284,TRUE,20
1,19.013139829039574,NA,uniform,0,0.6,FALSE,NA,NA,NA,NA,NA,50,heter,16.183902586206486,3.0599209395218213e-4,134.44320104761917,TRUE,11
-1,4.905316092073917,NA,uniform,0,0.6,FALSE,NA,NA,NA,NA,NA,100,heter,17.446122042021155,1.6278812960789942e-4,49.053160920739174,TRUE,12
0,27.82738073915243,NA,uniform,0,0.6,FALSE,NA,NA,NA,NA,NA,100,heter,19.542733963064016,5.7062295606889366e-5,278.2738073915243,TRUE,14
-1,30.408432826399803,NA,normal,0,0.3,FALSE,NA,NA,NA,NA,NA,300,heter,21.517091873434808,2.1262918099808618e-5,526.6895063386975,TRUE,10
1,11.143929041922092,NA,discrete_uniform,0,0.6,FALSE,NA,NA,NA,NA,NA,50,heter,13.909158699796864,9.542552640778696e-4,78.79947794604817,FALSE,15
-1,11.522441916167736,NA,lognormal,0,0.6,FALSE,NA,NA,NA,NA,NA,300,heter,22.087234314668716,1.598887872112299e-5,199.57454826063812,FALSE,20
0,31.838253885507584,NA,discrete_uniform,0,0.6,FALSE,NA,NA,NA,NA,NA,100,heter,11.782536244391316,0.002763470056244985,318.38253885507584,FALSE,19
-1,17.14240115135908,NA,neglognormal,0,0.6,FALSE,NA,NA,NA,NA,NA,50,heter,0.7903885832542761,0.6735491615725017,121.21508099946087,FALSE,10
0,16.52795299142599,NA,normal,0,0.3,FALSE,NA,NA,NA,NA,NA,100,heter,33.198079741735086,6.181993999598532e-8,165.2795299142599,TRUE,15
1,20.60927005112171,NA,normal,0,0.3,FALSE,NA,NA,NA,NA,NA,50,heter,22.873121900248638,1.079355943723913e-5,145.7295460845299,TRUE,19
-1,6.591778255999088,NA,neglognormal,0,0.6,FALSE,NA,NA,NA,NA,NA,300,heter,7.974826753264669,0.018547627853333692,114.17294851618188,TRUE,15
0,30.890546716749668,NA,neglognormal,0,0.6,FALSE,NA,NA,NA,NA,NA,100,heter,10.07062384941059,0.006504168989327123,308.9054671674967,TRUE,17
0,19.760188847780228,NA,normal,0,0.3,FALSE,NA,NA,NA,NA,NA,300,heter,66.95375834952,2.8918522684236522e-15,342.2565105151127,TRUE,18
1,29.681474670767784,NA,uniform,0,0.6,FALSE,NA,NA,NA,NA,NA,100,heter,17.156236372636386,1.881787617923686e-4,296.81474670767784,TRUE,13
-1,2.841724418103695,NA,neglognormal,0,0.6,FALSE,NA,NA,NA,NA,NA,50,heter,0.7732583246182138,0.679342974200463,20.094026063045185,FALSE,12
1,20.368559546768665,NA,normal,0,0.3,FALSE,NA,NA,NA,NA,NA,300,heter,48.11120677025319,3.570953467300653e-11,352.79380011995437,TRUE,10
1,28.988147921860218,NA,uniform,0,0.6,FALSE,NA,NA,NA,NA,NA,300,heter,69.15519402270095,9.619232468873608e-16,502.0894501798407,TRUE,18
0,27.022975862026215,NA,uniform,0,0.6,FALSE,NA,NA,NA,NA,NA,300,heter,56.05643435329561,6.722022202613619e-13,468.05167164736787,TRUE,16
0,6.573258265852928,NA,uniform,0,0.6,FALSE,NA,NA,NA,NA,NA,50,heter,3.6100635936751346,0.16446922689271928,46.47995494275131,FALSE,12
0,20.307848624885082,NA,discrete_uniform,0,0.6,FALSE,NA,NA,NA,NA,NA,50,heter,5.033526854447117,0.08072044200078167,143.59817473966146,TRUE,16
0,4.202732972800732,NA,neglognormal,0,0.6,FALSE,NA,NA,NA,NA,NA,100,heter,13.152242981925221,0.0013932425329691083,42.02732972800732,FALSE,19
-1,31.21211963146925,NA,neglognormal,0,0.6,FALSE,NA,NA,NA,NA,NA,50,heter,1.3828957091221468,0.5008503853357523,220.7030144661767,FALSE,10
-1,27.383434526622295,NA,discrete_uniform,0,0.6,FALSE,NA,NA,NA,NA,NA,50,heter,5.884703671621105,0.05274154331345774,193.6301224595246,TRUE,19
0,9.507336869835854,NA,discrete_uniform,0,0.6,FALSE,NA,NA,NA,NA,NA,300,heter,55.37713362317495,9.440787491002267e-13,164.67190503228554,FALSE,12
1,19.808663055300713,NA,uniform,0,0.6,FALSE,NA,NA,NA,NA,NA,300,heter,81.06120067878747,2.499101668001079e-18,343.09610841793386,TRUE,10
0,29.749403916299343,NA,discrete_uniform,0,0.6,FALSE,NA,NA,NA,NA,NA,100,heter,14.666107078796395,6.53574820558279e-4,297.49403916299343,TRUE,14
-1,14.444443255662918,NA,neglognormal,0,0.6,FALSE,NA,NA,NA,NA,NA,100,heter,3.3398318563919562,0.18826289257444703,144.44443255662918,TRUE,12
1,31.033201403915882,NA,uniform,0,0.6,FALSE,NA,NA,NA,NA,NA,50,heter,21.02982004359023,2.712892593095098e-5,219.4378715463681,TRUE,13
1,2.8753190115094185,NA,neglognormal,0,0.6,FALSE,NA,NA,NA,NA,NA,100,heter,15.33979787407949,4.666649838647021e-4,28.753190115094185,FALSE,18
0,21.67559290677309,NA,normal,0,0.3,FALSE,NA,NA,NA,NA,NA,50,heter,17.333310250506212,1.7223424377597565e-4,153.2695873061828,TRUE,14
0,18.909705139696598,NA,uniform,0,0.6,FALSE,NA,NA,NA,NA,NA,100,heter,15.916414428897875,3.497796355624111e-4,189.09705139696598,TRUE,14
1,18.797020733356476,NA,lognormal,0,0.6,FALSE,NA,NA,NA,NA,NA,300,heter,6.839487859779739,0.032720812688437115,325.57394941099017,FALSE,10
1,6.447449594736099,NA,neglognormal,0,0.6,FALSE,NA,NA,NA,NA,NA,100,heter,53.97008617683108,1.9078520488975756e-12,64.47449594736099,TRUE,17
-1,29.75921856611967,NA,normal,0,0.3,FALSE,NA,NA,NA,NA,NA,100,heter,5.8152793587708045,0.05460446192208942,297.5921856611967,TRUE,13
-1,27.81536417454481,NA,lognormal,0,0.6,FALSE,NA,NA,NA,NA,NA,300,heter,58.145294993134776,2.365427371432544e-13,481.77623981342765,FALSE,11
0,8.376766979694366,NA,discrete_uniform,0,0.6,FALSE,NA,NA,NA,NA,NA,50,heter,1.5728178708336658,0.4554775110923186,59.23268735761441,FALSE,12
0,3.9106374233961105,NA,neglognormal,0,0.6,FALSE,NA,NA,NA,NA,NA,300,heter,9.40054657051371,0.009092791836165598,67.73422707302308,TRUE,13
-1,1.3028361573815346,NA,lognormal,0,0.6,FALSE,NA,NA,NA,NA,NA,300,heter,28.721208411282532,5.797874850463079e-7,22.5657841852262,FALSE,15
0,10.05202104151249,NA,lognormal,0,0.6,FALSE,NA,NA,NA,NA,NA,300,heter,20.348375600847646,3.8142256328760885e-5,174.10611162651057,TRUE,10
0,9.449351444840431,NA,lognormal,0,0.6,FALSE,NA,NA,NA,NA,NA,100,heter,6.219490375210243,0.04461232166459732,94.49351444840431,TRUE,17
0,2.2682584449648857,NA,uniform,0,0.6,FALSE,NA,NA,NA,NA,NA,300,heter,34.060831543797,4.015914017012845e-8,39.28738871376356,TRUE,11
1,6.122837968170643,NA,uniform,0,0.6,FALSE,NA,NA,NA,NA,NA,300,heter,30.74813364236809,2.10439671482322e-7,106.05066447383346,TRUE,12
0,15.555123701691628,NA,normal,0,0.3,FALSE,NA,NA,NA,NA,NA,300,heter,65.48799807953431,6.0181346659056105e-15,269.4226456934877,TRUE,12
1,3.1076927930116653,NA,uniform,0,0.6,FALSE,NA,NA,NA,NA,NA,100,heter,18.378762995046664,1.0211800541854844e-4,31.076927930116653,TRUE,14
0,20.143768876791,NA,neglognormal,0,0.6,FALSE,NA,NA,NA,NA,NA,300,heter,28.411499194456862,6.76895050662988e-7,348.9003115052667,TRUE,18
0,26.206402592360973,NA,lognormal,0,0.6,FALSE,NA,NA,NA,NA,NA,300,heter,51.32089864574674,7.174777803803693e-12,453.9082077357395,TRUE,16
-1,3.496545188128948,NA,neglognormal,0,0.6,FALSE,NA,NA,NA,NA,NA,100,heter,4.706309887860612,0.09506875199396392,34.96545188128948,FALSE,12
0,10.557739794254303,NA,neglognormal,0,0.6,FALSE,NA,NA,NA,NA,NA,300,heter,19.47293410469885,5.9088924586987966e-5,182.8654173674024,TRUE,11
1,8.10110554844141,NA,lognormal,0,0.6,FALSE,NA,NA,NA,NA,NA,50,heter,1.9575829155255704,0.37576495236178475,57.283466684108866,FALSE,15
1,29.149260468780994,NA,discrete_uniform,0,0.6,FALSE,NA,NA,NA,NA,NA,100,heter,21.68253296301564,1.9574820587717628e-5,291.49260468780994,TRUE,14
1,2.60886150598526,NA,discrete_uniform,0,0.6,FALSE,NA,NA,NA,NA,NA,50,heter,6.261123952102572,0.04369323579980049,18.44743662058726,TRUE,19
-1,23.951208479702473,NA,normal,0,0.3,FALSE,NA,NA,NA,NA,NA,300,heter,39.23318759739793,3.024276950390159e-9,414.8470998951921,TRUE,19
0,16.817179903388023,NA,normal,0,0.3,FALSE,NA,NA,NA,NA,NA,300,heter,46.542716657255745,7.823074957244742e-11,291.28210032694324,TRUE,19
-1,17.845870934426785,NA,uniform,0,0.6,FALSE,NA,NA,NA,NA,NA,50,heter,17.537820297429477,1.554929525312086e-4,126.1893635391309,TRUE,13
0,7.702970989048481,NA,uniform,0,0.6,FALSE,NA,NA,NA,NA,NA,100,heter,30.09712427622123,2.914019830055124e-7,77.02970989048481,TRUE,12
0,10.726590931415558,NA,neglognormal,0,0.6,FALSE,NA,NA,NA,NA,NA,300,heter,23.14080804149887,9.441421365617757e-6,185.79000485219314,TRUE,18
-1,21.991313762962818,NA,neglognormal,0,0.6,FALSE,NA,NA,NA,NA,NA,50,heter,1.4182506032018827,0.4920744259860611,155.50207088992062,FALSE,12
-1,1.0568545758724213,NA,uniform,0,0.6,FALSE,NA,NA,NA,NA,NA,50,heter,7.877459184036284,0.01947293761337013,7.473090373274217,FALSE,18
0,15.467840805649757,NA,lognormal,0,0.6,FALSE,NA,NA,NA,NA,NA,50,heter,2.832339360778126,0.24264163423752472,109.37415123988934,FALSE,17
0,17.36459807306528,NA,lognormal,0,0.6,FALSE,NA,NA,NA,NA,NA,300,heter,28.533805644693622,6.367410223595057e-7,300.76366115561694,TRUE,14
0,31.84526678174734,NA,normal,0,0.3,FALSE,NA,NA,NA,NA,NA,100,heter,21.338721846305717,2.3246384970660467e-5,318.4526678174734,TRUE,20
1,16.046710528433323,NA,discrete_uniform,0,0.6,FALSE,NA,NA,NA,NA,NA,50,heter,11.672813920194521,0.0029193130124320456,113.4673783039277,TRUE,11
-1,21.189416654407978,NA,neglognormal,0,0.6,FALSE,NA,NA,NA,NA,NA,100,heter,4.179401135973854,0.12372417725094262,211.89416654407978,FALSE,13
0,13.625991024076939,NA,normal,0,0.3,FALSE,NA,NA,NA,NA,NA,100,heter,52.37465603387699,4.236312082914416e-12,136.2599102407694,TRUE,15
1,30.485425107181072,NA,lognormal,0,0.6,FALSE,NA,NA,NA,NA,NA,100,heter,4.134948935077396,0.1265048707581663,304.8542510718107,FALSE,14
0,7.819821357727051,NA,uniform,0,0.6,FALSE,NA,NA,NA,NA,NA,50,heter,3.8410608461482476,0.14652921903499755,55.29448709716193,FALSE,18
0,3.7427771165966988,NA,uniform,0,0.6,FALSE,NA,NA,NA,NA,NA,300,heter,32.17030429161477,1.033492150608934e-7,64.82680127351627,TRUE,14
0,5.36414086073637,NA,neglognormal,0,0.6,FALSE,NA,NA,NA,NA,NA,300,heter,22.440963975771734,1.339697010842668e-5,92.90964509751643,TRUE,12
0,22.01128337532282,NA,uniform,0,0.6,FALSE,NA,NA,NA,NA,NA,50,heter,6.354975332506356,0.041690263516496226,155.64327737309483,TRUE,18
-1,6.741075448691845,NA,uniform,0,0.6,FALSE,NA,NA,NA,NA,NA,300,heter,55.03426008079306,1.1206300542035728e-12,116.75885174789443,TRUE,16
0,22.03081188350916,NA,discrete_uniform,0,0.6,FALSE,NA,NA,NA,NA,NA,50,heter,8.654499950959353,0.0132038084049001,155.78136477874503,FALSE,20
1,20.724073089659214,NA,normal,0,0.3,FALSE,NA,NA,NA,NA,NA,50,heter,15.162113515387801,5.100219684946591e-4,146.54132615503676,TRUE,18
1,25.55907892435789,NA,uniform,0,0.6,FALSE,NA,NA,NA,NA,NA,50,heter,12.80533533230149,0.0016571307000135763,180.72998028295635,TRUE,20
0,14.459269978106022,NA,uniform,0,0.6,FALSE,NA,NA,NA,NA,NA,50,heter,5.878017270141671,0.0529181639546991,102.2424785252583,TRUE,16
0,16.360120952129364,NA,normal,0,0.3,FALSE,NA,NA,NA,NA,NA,100,heter,36.36740174977422,1.2674156032576675e-8,163.60120952129364,TRUE,12
0,17.61748269200325,NA,uniform,0,0.6,FALSE,NA,NA,NA,NA,NA,300,heter,59.39418945430023,1.2668221008997635e-13,305.1437512401495,TRUE,18
0,14.991893209517002,NA,normal,0,0.3,FALSE,NA,NA,NA,NA,NA,50,heter,9.253728842978006,0.009785393919201128,106.00869351274027,TRUE,14
0,19.948777981102467,NA,normal,0,0.3,FALSE,NA,NA,NA,NA,NA,50,heter,3.0082736232234772,0.22220901931768042,141.0591618682244,TRUE,18
-1,12.821696400642395,NA,discrete_uniform,0,0.6,FALSE,NA,NA,NA,NA,NA,100,heter,8.399540190481067,0.01499902477129464,128.21696400642395,FALSE,14
0,0.31285974383354187,NA,neglognormal,0,0.6,FALSE,NA,NA,NA,NA,NA,50,heter,2.8306234495740092,0.24284989931523138,2.2122524642498362,FALSE,10
-1,23.706173941493034,NA,lognormal,0,0.6,FALSE,NA,NA,NA,NA,NA,50,heter,2.175643649046865,0.33694963038845266,167.6279635001755,FALSE,18
1,8.645341321825981,NA,normal,0,0.3,FALSE,NA,NA,NA,NA,NA,50,heter,7.289237850273056,0.026131365963503073,61.13179474335422,FALSE,20
0,21.145162470638752,NA,lognormal,0,0.6,FALSE,NA,NA,NA,NA,NA,50,heter,10.015471439177151,0.0066860252155988955,149.51887772279954,TRUE,18
0,2.0592522621154785,NA,normal,0,0.3,FALSE,NA,NA,NA,NA,NA,50,heter,5.026770240248208,0.0809936015917602,14.561112387155926,FALSE,18
-1,3.608602963387966,NA,neglognormal,0,0.6,FALSE,NA,NA,NA,NA,NA,50,heter,2.4587444801519327,0.29247612485297164,25.516676260215018,FALSE,20
1,7.38102351129055,NA,lognormal,0,0.6,FALSE,NA,NA,NA,NA,NA,50,heter,1.410540522220423,0.4939750539677816,52.1917177693089,FALSE,10
-1,16.397059813141823,NA,neglognormal,0,0.6,FALSE,NA,NA,NA,NA,NA,300,heter,11.027874017523576,0.0040302091393014,284.00540691107483,TRUE,18
0,29.659952253103256,NA,uniform,0,0.6,FALSE,NA,NA,NA,NA,NA,300,heter,62.931356083426,2.1608750603809513e-14,513.7254425244184,TRUE,15
0,26.81960204988718,NA,lognormal,0,0.6,FALSE,NA,NA,NA,NA,NA,50,heter,9.287667294810763,0.009620744298361386,189.64322478199855,TRUE,12
0,0.3449529856443405,NA,uniform,0,0.6,FALSE,NA,NA,NA,NA,NA,300,heter,6.6774685791211255,0.03548183904631763,5.974760973585754,FALSE,15
1,1.784773737192154,NA,uniform,0,0.6,FALSE,NA,NA,NA,NA,NA,100,heter,25.502687556472452,2.8984229528952976e-6,17.84773737192154,TRUE,14
0,5.68388132750988,NA,lognormal,0,0.6,FALSE,NA,NA,NA,NA,NA,100,heter,8.830718019192782,0.012090212843410376,56.8388132750988,TRUE,19
0,20.150885462760925,NA,discrete_uniform,0,0.6,FALSE,NA,NA,NA,NA,NA,50,heter,11.760085423422794,0.0027946659075239735,142.4882775763167,TRUE,11
1,5.8682330921292305,NA,discrete_uniform,0,0.6,FALSE,NA,NA,NA,NA,NA,50,heter,20.395494860284767,3.725414179685742e-5,41.49467413027881,TRUE,10
1,21.151137962937355,NA,uniform,0,0.6,FALSE,NA,NA,NA,NA,NA,300,heter,45.78723942118888,1.1413721960920889e-10,366.3484558970639,TRUE,14
-1,28.71449475735426,NA,discrete_uniform,0,0.6,FALSE,NA,NA,NA,NA,NA,300,heter,48.177079400803315,3.455255214082765e-11,497.34963833407744,TRUE,20
1,15.196763329207897,NA,normal,0,0.3,FALSE,NA,NA,NA,NA,NA,300,heter,26.593446196864296,1.6799893591101897e-6,263.21566196787643,TRUE,16
-1,22.041151642799377,NA,lognormal,0,0.6,FALSE,NA,NA,NA,NA,NA,50,heter,5.892029844238699,0.052548699904900464,155.85447791784452,FALSE,12
1,29.171699553728104,NA,normal,0,0.3,FALSE,NA,NA,NA,NA,NA,300,heter,39.266480057568224,2.9743508341015858e-9,505.26865770191426,TRUE,14
0,6.061840042471886,NA,discrete_uniform,0,0.6,FALSE,NA,NA,NA,NA,NA,100,heter,13.6204951620208,0.0011024199279281094,60.61840042471886,TRUE,10
1,28.914307594299316,NA,normal,0,0.3,FALSE,NA,NA,NA,NA,NA,50,heter,6.839434124613195,0.03272169182940689,204.45502973242736,TRUE,20
1,21.958194345235825,NA,neglognormal,0,0.6,FALSE,NA,NA,NA,NA,NA,300,heter,68.73082940892324,1.1892961843725543e-15,380.3270824842007,TRUE,10
-1,24.41746937483549,NA,discrete_uniform,0,0.6,FALSE,NA,NA,NA,NA,NA,50,heter,11.772616330181268,0.0027772107977593764,172.65758174361025,FALSE,10
1,7.7996333837509155,NA,neglognormal,0,0.6,FALSE,NA,NA,NA,NA,NA,50,heter,43.28543180620038,3.9873826046612446e-10,55.151736564192504,TRUE,20
0,24.350645840168,NA,neglognormal,0,0.6,FALSE,NA,NA,NA,NA,NA,100,heter,16.391654631296806,2.758020069919519e-4,243.50645840168,TRUE,15
0,13.237722739577293,NA,lognormal,0,0.6,FALSE,NA,NA,NA,NA,NA,300,heter,24.230217083021326,5.476148451046261e-6,229.28408361457744,TRUE,19
-1,15.023117505013943,NA,uniform,0,0.6,FALSE,NA,NA,NA,NA,NA,100,heter,22.224816221822262,1.492596698885826e-5,150.23117505013943,TRUE,16
1,24.868056796491146,NA,normal,0,0.3,FALSE,NA,NA,NA,NA,NA,50,heter,11.193665206316938,0.0037095948871677677,175.84371595731102,TRUE,12
0,10.380283117294312,NA,normal,0,0.3,FALSE,NA,NA,NA,NA,NA,50,heter,8.604284664654342,0.013539521764419023,73.39968582875042,TRUE,20
-1,5.8512324541807175,NA,normal,0,0.3,FALSE,NA,NA,NA,NA,NA,50,heter,4.053100415149062,0.1317893838504811,41.3744614664999,FALSE,16
-1,6.459569178521633,NA,lognormal,0,0.6,FALSE,NA,NA,NA,NA,NA,300,heter,0.3401705163278354,0.8435928903493521,111.88302012205425,TRUE,19
-1,1.568080022931099,NA,lognormal,0,0.6,FALSE,NA,NA,NA,NA,NA,50,heter,9.505827716645731,0.008626522082311093,11.08800017657737,FALSE,18
-1,1.310474194586277,NA,neglognormal,0,0.6,FALSE,NA,NA,NA,NA,NA,50,heter,6.178585268889745,0.045534152306359134,9.266451895619356,TRUE,15
-1,0.2568095996975899,NA,discrete_uniform,0,0.6,FALSE,NA,NA,NA,NA,NA,100,heter,0.8528284981719754,0.6528458453033064,2.5680959969758987,FALSE,19
1,3.0131796449422836,NA,normal,0,0.3,FALSE,NA,NA,NA,NA,NA,300,heter,30.498150628253924,2.3845736299071207e-7,52.18980237372386,TRUE,12
0,16.637075260281563,NA,neglognormal,0,0.6,FALSE,NA,NA,NA,NA,NA,300,heter,35.697807154540335,1.7714123507555293e-8,288.16259640154874,TRUE,20
0,30.656834363937378,NA,uniform,0,0.6,FALSE,NA,NA,NA,NA,NA,100,heter,19.42815775797319,6.042673738802984e-5,306.5683436393738,TRUE,11
-1,12.143672861158848,NA,uniform,0,0.6,FALSE,NA,NA,NA,NA,NA,300,heter,50.537834629910854,1.061325616051229e-11,210.33458386022443,TRUE,20
0,20.592950761318207,NA,normal,0,0.3,FALSE,NA,NA,NA,NA,NA,100,heter,56.84537964912316,4.530880920885799e-13,205.92950761318207,TRUE,10
-1,16.338783346116543,NA,discrete_uniform,0,0.6,FALSE,NA,NA,NA,NA,NA,100,heter,39.49845801734922,2.6486149110271513e-9,163.38783346116543,TRUE,12
1,6.955505795776844,NA,neglognormal,0,0.6,FALSE,NA,NA,NA,NA,NA,100,heter,8.110008055733621,0.0173354103586015,69.55505795776844,FALSE,13
0,26.622589386999607,NA,neglognormal,0,0.6,FALSE,NA,NA,NA,NA,NA,300,heter,24.08104127360165,5.900221668649525e-6,461.116774473273,TRUE,16
0,20.969111375510693,NA,lognormal,0,0.6,FALSE,NA,NA,NA,NA,NA,50,heter,4.877235544726706,0.08728141090080523,148.27400849079584,FALSE,20
0,26.15687408298254,NA,discrete_uniform,0,0.6,FALSE,NA,NA,NA,NA,NA,100,heter,16.229031483194383,2.991648670866794e-4,261.5687408298254,TRUE,15
0,28.279504530131817,NA,neglognormal,0,0.6,FALSE,NA,NA,NA,NA,NA,100,heter,1.868517018700293,0.3928770722302544,282.79504530131817,TRUE,10
0,16.306057766079903,NA,normal,0,0.3,FALSE,NA,NA,NA,NA,NA,50,heter,9.513822717461403,0.00859210639096918,115.30124020814667,FALSE,13
1,0.4963354244828224,NA,neglognormal,0,0.6,FALSE,NA,NA,NA,NA,NA,300,heter,3.696695554965317,0.15749717183471448,8.596781728005142,FALSE,15
0,4.229215987026691,NA,uniform,0,0.6,FALSE,NA,NA,NA,NA,NA,300,heter,32.04868595019386,1.0982880791705615e-7,73.25216965712788,TRUE,18
-1,1.7490928918123245,NA,normal,0,0.3,FALSE,NA,NA,NA,NA,NA,100,heter,23.8319440584901,6.682809805798167e-6,17.490928918123245,TRUE,18
1,7.747722707688808,NA,neglognormal,0,0.6,FALSE,NA,NA,NA,NA,NA,300,heter,118.71590701709145,1.6640575203164833e-26,134.1944937267213,FALSE,12
-1,21.97858488559723,NA,discrete_uniform,0,0.6,FALSE,NA,NA,NA,NA,NA,100,heter,14.450066661386261,7.281282696650888e-4,219.7858488559723,TRUE,15
0,0.7290894687175751,NA,normal,0,0.3,FALSE,NA,NA,NA,NA,NA,300,heter,5.346406183048551,0.06903075897124554,12.628200030822397,TRUE,11
1,22.3878391161561,NA,discrete_uniform,0,0.6,FALSE,NA,NA,NA,NA,NA,100,heter,21.616981841415175,2.02270261269441e-5,223.878391161561,TRUE,14
0,14.190376214683056,NA,lognormal,0,0.6,FALSE,NA,NA,NA,NA,NA,100,heter,7.079655831110443,0.02901832025409045,141.90376214683056,FALSE,14
1,20.477648608386517,NA,neglognormal,0,0.6,FALSE,NA,NA,NA,NA,NA,100,heter,36.411713179489986,1.2396438916362628e-8,204.77648608386517,TRUE,14
0,3.422936052083969,NA,lognormal,0,0.6,FALSE,NA,NA,NA,NA,NA,50,heter,3.8009458638926543,0.14949790016840472,24.20381293996484,FALSE,16
0,7.680424965918064,NA,discrete_uniform,0,0.6,FALSE,NA,NA,NA,NA,NA,100,heter,16.364970363900216,2.7950645189007945e-4,76.80424965918064,TRUE,10
1,13.718645237386227,NA,lognormal,0,0.6,FALSE,NA,NA,NA,NA,NA,100,heter,4.864111293920466,0.087856045815632125,137.18645237386227,FALSE,19
0,10.749543204903603,NA,normal,0,0.3,FALSE,NA,NA,NA,NA,NA,50,heter,21.695149693131878,1.9451724150358327e-5,76.01074894845111,TRUE,11
1,24.422078795731068,NA,discrete_uniform,0,0.6,FALSE,NA,NA,NA,NA,NA,100,heter,24.26450010770095,5.383078939770597e-6,244.22078795731068,TRUE,12
0,4.244389601051807,NA,neglognormal,0,0.6,FALSE,NA,NA,NA,NA,NA,50,heter,2.436696887434248,0.29571815902337883,30.012366689013984,FALSE,15
1,9.983404949307442,NA,neglognormal,0,0.6,FALSE,NA,NA,NA,NA,NA,50,heter,4.529884847357926,0.10383601286430222,70.59333338986633,FALSE,13
1,31.53835541009903,NA,discrete_uniform,0,0.6,FALSE,NA,NA,NA,NA,NA,100,heter,18.471166541025863,9.75073039446991e-5,315.3835541009903,TRUE,14
-1,28.614795424044132,NA,lognormal,0,0.6,FALSE,NA,NA,NA,NA,NA,100,heter,12.017472699172508,0.002457191250143221,286.1479542404413,TRUE,11
0,24.093056954443455,NA,neglognormal,0,0.6,FALSE,NA,NA,NA,NA,NA,300,heter,28.650954728230495,6.005155119026763e-7,417.30398754746744,TRUE,17
-1,16.802553296089172,NA,neglognormal,0,0.6,FALSE,NA,NA,NA,NA,NA,300,heter,8.333061966071087,0.015505957360881832,291.02876005710357,TRUE,16
0,30.555290028452873,NA,lognormal,0,0.6,FALSE,NA,NA,NA,NA,NA,50,heter,10.734689484619006,0.004666505649496838,216.05852780240724,TRUE,16
-1,14.107296794652939,NA,normal,0,0.3,FALSE,NA,NA,NA,NA,NA,300,heter,27.037705934285235,1.3453545588226227e-6,244.3455480579246,TRUE,19
0,12.07741303741932,NA,neglognormal,0,0.6,FALSE,NA,NA,NA,NA,NA,100,heter,7.54486761922889,0.022996027172242518,120.77413037419319,TRUE,12
0,21.735675528645515,NA,normal,0,0.3,FALSE,NA,NA,NA,NA,NA,300,heter,80.23356434505227,3.780096359987204e-18,376.4729435244555,TRUE,16
-1,7.2428944781422615,NA,uniform,0,0.6,FALSE,NA,NA,NA,NA,NA,300,heter,42.91735898217531,4.793071505744138e-10,125.45061230002467,TRUE,20
-1,21.655930906534195,NA,neglognormal,0,0.6,FALSE,NA,NA,NA,NA,NA,300,heter,10.566826717691914,0.0050750781312836925,375.09172615318363,TRUE,11
1,29.42690832167864,NA,uniform,0,0.6,FALSE,NA,NA,NA,NA,NA,100,heter,26.81085906228999,1.5069398827117385e-6,294.2690832167864,TRUE,10
1,6.588879659771919,NA,normal,0,0.3,FALSE,NA,NA,NA,NA,NA,100,heter,12.078030880069917,0.002383904855848501,65.88879659771919,TRUE,13
0,0.38398900628089905,NA,neglognormal,0,0.6,FALSE,NA,NA,NA,NA,NA,100,heter,1.3453754480804425,0.5103350929413786,3.8398900628089905,FALSE,14
1,14.518597058951855,NA,discrete_uniform,0,0.6,FALSE,NA,NA,NA,NA,NA,300,heter,52.541687772598436,3.896883883883886e-12,251.4694776072469,TRUE,13
-1,7.553122095763683,NA,lognormal,0,0.6,FALSE,NA,NA,NA,NA,NA,50,heter,29.75977421098111,3.449428432116097e-7,53.408638530444485,TRUE,20
0,11.170341201126575,NA,normal,0,0.3,FALSE,NA,NA,NA,NA,NA,100,heter,10.995836977195177,0.004095286959314561,111.70341201126575,TRUE,12
0,25.117837101221085,NA,normal,0,0.3,FALSE,NA,NA,NA,NA,NA,100,heter,54.11453585586137,1.774916159980214e-12,251.17837101221085,TRUE,17
1,12.813084468245506,NA,normal,0,0.3,FALSE,NA,NA,NA,NA,NA,50,heter,5.841859475077704,0.05388356642990197,90.60218915412426,TRUE,11
1,29.799852304160595,NA,neglognormal,0,0.6,FALSE,NA,NA,NA,NA,NA,100,heter,56.40074303680897,5.658929219695001e-13,297.99852304160595,TRUE,19
1,7.962115213274956,NA,lognormal,0,0.6,FALSE,NA,NA,NA,NA,NA,100,heter,1.5284375907760133,0.4656975940164357,79.62115213274956,FALSE,17
0,23.92642541974783,NA,lognormal,0,0.6,FALSE,NA,NA,NA,NA,NA,50,heter,4.186642199959148,0.12327703983503374,169.1853766385788,FALSE,20
0,13.154115818440914,NA,neglognormal,0,0.6,FALSE,NA,NA,NA,NA,NA,300,heter,29.881149913770646,3.246315607629244e-7,227.83596926185132,TRUE,10
-1,16.25632582604885,NA,neglognormal,0,0.6,FALSE,NA,NA,NA,NA,NA,300,heter,11.700172000719169,0.0028796514963747304,281.5678227511071,TRUE,20
1,30.51125831156969,NA,uniform,0,0.6,FALSE,NA,NA,NA,NA,NA,100,heter,12.7050339222832,0.0017423561698589516,305.1125831156969,TRUE,10
-1,30.722684867680073,NA,lognormal,0,0.6,FALSE,NA,NA,NA,NA,NA,100,heter,20.714900534533097,3.175532064591456e-5,307.2268486768007,TRUE,11
-1,21.138366132974625,NA,discrete_uniform,0,0.6,FALSE,NA,NA,NA,NA,NA,100,heter,19.978162021841243,4.589836736498794e-5,211.38366132974625,TRUE,13
1,9.884359866380692,NA,uniform,0,0.6,FALSE,NA,NA,NA,NA,NA,100,heter,29.076175401137615,4.854994410180636e-7,98.84359866380692,TRUE,14
-1,5.750712007284164,NA,normal,0,0.3,FALSE,NA,NA,NA,NA,NA,100,heter,8.300494430322974,0.01576051976377155,57.507120072841644,FALSE,17
1,28.92772649973631,NA,uniform,0,0.6,FALSE,NA,NA,NA,NA,NA,300,heter,64.60708414638052,9.34867219251632e-15,501.0429204499989,TRUE,16
-1,17.25202739983797,NA,discrete_uniform,0,0.6,FALSE,NA,NA,NA,NA,NA,50,heter,8.85624492046331,0.011936880614333817,121.99025563641551,TRUE,19
-1,15.986028611660004,NA,normal,0,0.3,FALSE,NA,NA,NA,NA,NA,300,heter,37.952387129862885,5.737779403707855e-9,276.8861376664489,TRUE,19
-1,31.850575633347034,NA,uniform,0,0.6,FALSE,NA,NA,NA,NA,NA,300,heter,46.03833250763603,1.006707068437191e-10,551.6681524727234,TRUE,15
1,12.947147384285927,NA,normal,0,0.3,FALSE,NA,NA,NA,NA,NA,300,heter,21.192987858537418,2.5003520343517217e-5,224.2511708266572,TRUE,12
-1,18.728681981563568,NA,neglognormal,0,0.6,FALSE,NA,NA,NA,NA,NA,100,heter,6.711843282344023,0.03487721106377969,187.28681981563568,FALSE,11
0,10.78426718711853,NA,normal,0,0.3,FALSE,NA,NA,NA,NA,NA,300,heter,87.91206569432032,8.130878812373406e-20,186.78898690487196,TRUE,18
1,30.692439384758472,NA,discrete_uniform,0,0.6,FALSE,NA,NA,NA,NA,NA,50,heter,15.376133974626459,4.5826314460000475e-4,217.02832020119783,TRUE,19
1,20.893185406923294,NA,normal,0,0.3,FALSE,NA,NA,NA,NA,NA,300,heter,42.83107450235083,5.004380749631231e-10,361.8805865674778,TRUE,14
0,3.850732795894146,NA,uniform,0,0.6,FALSE,NA,NA,NA,NA,NA,300,heter,30.536878886289625,2.3388426378683228e-7,66.69664848860417,TRUE,11
-1,27.668875865638256,NA,lognormal,0,0.6,FALSE,NA,NA,NA,NA,NA,300,heter,32.3767664669349,9.32125718304234e-8,479.23898787601763,TRUE,20
0,2.5396938249468803,NA,lognormal,0,0.6,FALSE,NA,NA,NA,NA,NA,300,heter,17.45763724710245,1.6185355330050724e-4,43.988787404769354,TRUE,20
1,19.453229382634163,NA,neglognormal,0,0.6,FALSE,NA,NA,NA,NA,NA,300,heter,66.14020041887822,4.343481369698806e-15,336.9398166201412,TRUE,13
0,17.44187603890896,NA,uniform,0,0.6,FALSE,NA,NA,NA,NA,NA,100,heter,24.044160773458735,6.010032590441984e-6,174.41876038908958,TRUE,13
0,7.148646235466003,NA,normal,0,0.3,FALSE,NA,NA,NA,NA,NA,300,heter,62.29755435442441,2.9665929062658334e-14,123.81818485163107,TRUE,13
1,10.696845419704914,NA,discrete_uniform,0,0.6,FALSE,NA,NA,NA,NA,NA,300,heter,40.28427375196081,1.7880559370508226e-9,185.27479747639345,TRUE,16
0,21.093452773988247,NA,normal,0,0.3,FALSE,NA,NA,NA,NA,NA,100,heter,39.183636784400086,3.100140536276789e-9,210.93452773988247,TRUE,19
0,6.195046678185463,NA,discrete_uniform,0,0.6,FALSE,NA,NA,NA,NA,NA,100,heter,11.152875330109296,0.0037860286265856196,61.95046678185463,TRUE,14
-1,13.035357803106308,NA,lognormal,0,0.6,FALSE,NA,NA,NA,NA,NA,50,heter,7.503612052503498,0.023475310520810266,92.17389897769448,TRUE,12
0,5.526469126343727,NA,uniform,0,0.6,FALSE,NA,NA,NA,NA,NA,100,heter,18.600536045886415,9.13997309700679e-5,55.26469126343727,TRUE,13
1,5.60467404872179,NA,lognormal,0,0.6,FALSE,NA,NA,NA,NA,NA,100,heter,4.862569410198278,0.08792380383449218,56.0467404872179,TRUE,17
-1,8.62127073854208,NA,uniform,0,0.6,FALSE,NA,NA,NA,NA,NA,50,heter,13.762532250449201,0.0010268431098119416,60.9615900166826,TRUE,16
1,31.40522526949644,NA,lognormal,0,0.6,FALSE,NA,NA,NA,NA,NA,50,heter,2.4320394291041456,0.29640760898447516,222.06847752752054,FALSE,13
1,21.47663674503565,NA,discrete_uniform,0,0.6,FALSE,NA,NA,NA,NA,NA,50,heter,5.875603460196116,0.05298206970625376,151.8627547949489,TRUE,19
1,20.379825472831726,NA,lognormal,0,0.6,FALSE,NA,NA,NA,NA,NA,100,heter,7.409239260090684,0.024609576331024414,203.79825472831726,TRUE,13
0,15.630046270787716,NA,uniform,0,0.6,FALSE,NA,NA,NA,NA,NA,300,heter,38.32934293768958,4.752136793237004e-9,270.7203426565678,TRUE,12
0,10.77488050609827,NA,neglognormal,0,0.6,FALSE,NA,NA,NA,NA,NA,50,heter,4.580316597564634,0.10125043276500847,76.18991072336827,FALSE,18
-1,17.01938658952713,NA,neglognormal,0,0.6,FALSE,NA,NA,NA,NA,NA,50,heter,0.7155446388857297,0.6992322584745241,120.34523669090022,FALSE,12
1,11.006910391151905,NA,discrete_uniform,0,0.6,FALSE,NA,NA,NA,NA,NA,300,heter,52.079691269885096,4.9095165811709914e-12,190.64528031832927,TRUE,19
-1,29.48193847388029,NA,neglognormal,0,0.6,FALSE,NA,NA,NA,NA,NA,50,heter,2.556316310987541,0.27854987382287916,208.4687861740533,FALSE,15
0,18.4352146089077,NA,neglognormal,0,0.6,FALSE,NA,NA,NA,NA,NA,300,heter,36.415974030677,1.2370057337600368e-8,319.30728351064147,TRUE,17
-1,15.395026080310345,NA,neglognormal,0,0.6,FALSE,NA,NA,NA,NA,NA,300,heter,9.146053597356953,0.010326655658270805,266.64967354945463,TRUE,13
0,12.167122080922127,NA,discrete_uniform,0,0.6,FALSE,NA,NA,NA,NA,NA,50,heter,15.451940336520021,4.4121857593679533e-4,86.03454530944613,FALSE,11
0,12.868789501488209,NA,normal,0,0.3,FALSE,NA,NA,NA,NA,NA,50,heter,19.2612793631291,6.56850188830118e-5,90.99608322164563,TRUE,17
0,3.579147160053253,NA,neglognormal,0,0.6,FALSE,NA,NA,NA,NA,NA,300,heter,17.619362912731685,1.4928080081461813e-4,61.99264728978091,TRUE,18
-1,24.989915803074837,NA,normal,0,0.3,FALSE,NA,NA,NA,NA,NA,50,heter,6.113652948845795,0.04703673087917724,176.70538925635086,FALSE,18
0,28.362226903438568,NA,lognormal,0,0.6,FALSE,NA,NA,NA,NA,NA,300,heter,24.563646825189988,4.63523614235427e-6,491.24818012552515,TRUE,11
1,30.771894708275795,NA,lognormal,0,0.6,FALSE,NA,NA,NA,NA,NA,50,heter,1.8558589562079915,0.39537148878998046,217.59015418180252,FALSE,10
-1,29.696742042899132,NA,normal,0,0.3,FALSE,NA,NA,NA,NA,NA,50,heter,16.702981051863308,2.3604442575458665e-4,209.98767677681624,TRUE,12
1,1.1200510039925575,NA,neglognormal,0,0.6,FALSE,NA,NA,NA,NA,NA,50,heter,5.115823327668493,0.07746634741466049,7.919956601979383,FALSE,19
0,21.61510280519724,NA,lognormal,0,0.6,FALSE,NA,NA,NA,NA,NA,300,heter,24.146409922374442,5.710494353851723e-6,374.3845626942619,TRUE,13
0,9.578613236546516,NA,normal,0,0.3,FALSE,NA,NA,NA,NA,NA,50,heter,11.146179148714065,0.003798725837657331,67.73102373925266,TRUE,11
0,1.6562430188059807,NA,discrete_uniform,0,0.6,FALSE,NA,NA,NA,NA,NA,50,heter,19.449450537134865,5.978682323267299e-5,11.711406698905876,TRUE,12
0,13.281831696629524,NA,discrete_uniform,0,0.6,FALSE,NA,NA,NA,NA,NA,50,heter,3.6552420337745843,0.16079564323929932,93.91673259265164,TRUE,19
0,8.58740995824337,NA,neglognormal,0,0.6,FALSE,NA,NA,NA,NA,NA,50,heter,2.597681372306106,0.2728479261287402,60.72215814302774,FALSE,13
-1,4.57461641728878,NA,normal,0,0.3,FALSE,NA,NA,NA,NA,NA,100,heter,5.1812794785589,0.07497206216725415,45.7461641728878,TRUE,14
-1,5.275696150958538,NA,uniform,0,0.6,FALSE,NA,NA,NA,NA,NA,50,heter,8.9342670421772,0.011480176414539774,37.3048052382255,TRUE,19
1,20.756154887378216,NA,neglognormal,0,0.6,FALSE,NA,NA,NA,NA,NA,300,heter,107.11427562417128,5.5008598686404795e-24,359.5071483470814,FALSE,17
0,29.762536443769932,NA,lognormal,0,0.6,FALSE,NA,NA,NA,NA,NA,300,heter,22.46935926453003,1.3208108558073676e-5,515.5022528272985,TRUE,11
0,21.80755305290222,NA,lognormal,0,0.6,FALSE,NA,NA,NA,NA,NA,100,heter,4.627342627877275,0.09889750047401312,218.07553052902222,TRUE,18
0,12.132380738854408,NA,normal,0,0.3,FALSE,NA,NA,NA,NA,NA,50,heter,27.593279169164077,1.0190501555396352e-6,85.78888692381008,TRUE,18
-1,14.856989331543446,NA,neglognormal,0,0.6,FALSE,NA,NA,NA,NA,NA,50,heter,3.553552995199573,0.1691826298400464,105.05477904350562,FALSE,11
0,2.6022638604044914,NA,normal,0,0.3,FALSE,NA,NA,NA,NA,NA,100,heter,17.286215953472187,1.7633799530232546e-4,26.022638604044914,TRUE,18
1,8.371096551418304,NA,uniform,0,0.6,FALSE,NA,NA,NA,NA,NA,50,heter,11.74886907728817,0.0028103829082350078,59.192591374752055,TRUE,15
1,13.502938352525234,NA,lognormal,0,0.6,FALSE,NA,NA,NA,NA,NA,100,heter,3.5569440840914095,0.16889601622340292,135.02938352525234,FALSE,12
1,29.012529842555523,NA,normal,0,0.3,FALSE,NA,NA,NA,NA,NA,300,heter,34.53962055745024,3.160943203642548e-8,502.5117574341445,TRUE,11
1,28.539419271051884,NA,normal,0,0.3,FALSE,NA,NA,NA,NA,NA,300,heter,55.58683162981697,8.501056024995531e-13,494.31724195972197,TRUE,17
0,26.07818218320608,NA,discrete_uniform,0,0.6,FALSE,NA,NA,NA,NA,NA,100,heter,14.429270076689514,7.357390613225572e-4,260.7818218320608,TRUE,13
0,11.282538414001465,NA,normal,0,0.3,FALSE,NA,NA,NA,NA,NA,100,heter,13.282103175021188,0.0013056535127365899,112.82538414001465,TRUE,15
-1,13.435930013656616,NA,uniform,0,0.6,FALSE,NA,NA,NA,NA,NA,50,heter,11.993465686618212,0.0024868638923328983,95.00637224204456,TRUE,10
1,10.282206200063229,NA,neglognormal,0,0.6,FALSE,NA,NA,NA,NA,NA,50,heter,42.762640934708095,5.1785777999842985e-10,72.70617729623072,TRUE,13
-1,23.51532232761383,NA,discrete_uniform,0,0.6,FALSE,NA,NA,NA,NA,NA,50,heter,2.619543746735173,0.26988161654699677,166.2784387964317,TRUE,20
0,13.194947853684425,NA,uniform,0,0.6,FALSE,NA,NA,NA,NA,NA,300,heter,52.73951254271306,3.52988341882779e-12,228.54320085803334,TRUE,14
1,30.106418572366238,NA,lognormal,0,0.6,FALSE,NA,NA,NA,NA,NA,300,heter,6.712216382613658,0.034870705322196036,521.4584660127359,TRUE,15
0,23.89768212288618,NA,discrete_uniform,0,0.6,FALSE,NA,NA,NA,NA,NA,300,heter,47.91858970094754,3.9319723588284455e-11,413.91999619969334,TRUE,18
1,31.693378925323486,NA,discrete_uniform,0,0.6,FALSE,NA,NA,NA,NA,NA,50,heter,13.976983444286933,9.224367739301857e-4,224.10603156811052,TRUE,16
1,11.370594039559364,NA,uniform,0,0.6,FALSE,NA,NA,NA,NA,NA,100,heter,22.776438362361333,1.1328156778704552e-5,113.70594039559364,FALSE,16
-1,31.059629321098328,NA,neglognormal,0,0.6,FALSE,NA,NA,NA,NA,NA,100,heter,4.168887461605085,0.12437628762383189,310.5962932109833,TRUE,13
-1,7.275695212185383,NA,uniform,0,0.6,FALSE,NA,NA,NA,NA,NA,100,heter,15.317644487607707,4.718628230250157e-4,72.75695212185383,TRUE,10
0,25.917844749987125,NA,neglognormal,0,0.6,FALSE,NA,NA,NA,NA,NA,300,heter,23.128069612198313,9.501747716701075e-6,448.9102392965999,TRUE,10
-1,31.52946449816227,NA,lognormal,0,0.6,FALSE,NA,NA,NA,NA,NA,300,heter,45.38358529057106,1.3966245429818625e-10,546.1063444625621,FALSE,16
0,20.801933385431767,NA,uniform,0,0.6,FALSE,NA,NA,NA,NA,NA,300,heter,44.67667196801164,1.9887671933446465e-10,360.3000551923108,TRUE,19
0,1.6227065399289131,NA,neglognormal,0,0.6,FALSE,NA,NA,NA,NA,NA,100,heter,4.098650849550119,0.12882177426145752,16.22706539928913,FALSE,12
