a,b,c,x_dist,x_mu,x_n,x_sigma,z_discrete,z_discrete_dist,z_n,e_dist,e_df,e_sigma,n,model,statistics,pvalue,effect_size,answer
1,26.17652966082096,NA,discrete_uniform,0,10,0.6,FALSE,NA,NA,NA,NA,NA,50,heter,17.112412215656246,1.9234765737166044e-4,185.096016310973,TRUE
-1,26.489258877933025,NA,discrete_uniform,0,20,0.6,FALSE,NA,NA,NA,NA,NA,100,heter,14.943793458355836,5.688483217815641e-4,264.89258877933025,TRUE
1,10.545315720140934,NA,lognormal,0,11,0.6,FALSE,NA,NA,NA,NA,NA,300,heter,11.672151727149615,0.002920279746850785,182.65022609138884,TRUE
-1,8.648769684135914,NA,discrete_uniform,0,20,0.6,FALSE,NA,NA,NA,NA,NA,100,heter,21.670026548579298,1.9697609509282877e-5,86.48769684135914,TRUE
-1,24.733499854803085,NA,uniform,0,14,0.6,FALSE,NA,NA,NA,NA,NA,100,heter,23.58373550006598,7.565835681281263e-6,247.33499854803085,TRUE
1,9.786290623247623,NA,neglognormal,0,18,0.6,FALSE,NA,NA,NA,NA,NA,300,heter,32.81915643779117,7.47155037942943e-8,169.50352577099778,FALSE
0,29.76838017255068,NA,lognormal,0,13,0.6,FALSE,NA,NA,NA,NA,NA,300,heter,32.76394451273903,7.680683092827542e-8,515.6034691788376,TRUE
-1,13.94086204469204,NA,discrete_uniform,0,12,0.6,FALSE,NA,NA,NA,NA,NA,50,heter,6.56786990223624,0.03748048238921174,98.576780873879,TRUE
1,0.28395579755306244,NA,discrete_uniform,0,13,0.6,FALSE,NA,NA,NA,NA,NA,100,heter,8.203535985340384,0.016543400919286192,2.8395579755306244,FALSE
-1,7.138910815119743,NA,neglognormal,0,14,0.6,FALSE,NA,NA,NA,NA,NA,300,heter,8.458261844755606,0.014565043202664187,123.64956242490345,TRUE
0,30.40491434931755,NA,neglognormal,0,14,0.6,FALSE,NA,NA,NA,NA,NA,50,heter,2.7534168855367245,0.25240800260685414,214.99521117798605,TRUE
-1,15.584516800940037,NA,lognormal,0,17,0.6,FALSE,NA,NA,NA,NA,NA,300,heter,190.54887620008427,4.196017267304522e-42,269.9317491063893,TRUE
-1,16.48949847370386,NA,neglognormal,0,10,0.6,FALSE,NA,NA,NA,NA,NA,300,heter,12.627559895153501,0.0018111741405568344,285.60649147784545,TRUE
0,13.171968646347523,NA,discrete_uniform,0,11,0.6,FALSE,NA,NA,NA,NA,NA,100,heter,18.85102923099729,8.064009177986908e-5,131.71968646347523,TRUE
-1,29.986633986234665,NA,normal,0,12,0.3,FALSE,NA,NA,NA,NA,NA,300,heter,27.878576594873635,8.835762031731145e-7,519.383736121301,TRUE
1,9.624692603945732,NA,normal,0,13,0.3,FALSE,NA,NA,NA,NA,NA,50,heter,30.58246813228097,2.28613263629947e-7,68.05685407086037,FALSE
-1,14.0613012611866,NA,uniform,0,20,0.6,FALSE,NA,NA,NA,NA,NA,300,heter,54.189198847070095,1.7098774348056479e-12,243.54888204907525,TRUE
1,7.9754564464092255,NA,discrete_uniform,0,15,0.6,FALSE,NA,NA,NA,NA,NA,50,heter,8.514587048555219,0.01416057584848436,56.394993363139285,TRUE
-1,2.8103147596120834,NA,neglognormal,0,15,0.6,FALSE,NA,NA,NA,NA,NA,50,heter,1.4729610007828091,0.47879607620550857,19.871926237903466,FALSE
0,9.735122583806515,NA,discrete_uniform,0,15,0.6,FALSE,NA,NA,NA,NA,NA,100,heter,25.278667734127097,3.241955479823521e-6,97.35122583806515,TRUE
0,13.40006897598505,NA,discrete_uniform,0,12,0.6,FALSE,NA,NA,NA,NA,NA,300,heter,50.69040211525518,9.833747164336738e-12,232.09600291333567,TRUE
0,31.031421348452568,NA,uniform,0,13,0.6,FALSE,NA,NA,NA,NA,NA,300,heter,56.79620369693254,4.643667021444426e-13,537.4799840659738,TRUE
-1,31.197193913161755,NA,neglognormal,0,17,0.6,FALSE,NA,NA,NA,NA,NA,50,heter,1.0226604261631165,0.599697322780927,220.5974736998836,FALSE
1,22.07961220294237,NA,normal,0,16,0.3,FALSE,NA,NA,NA,NA,NA,300,heter,37.3502798996237,7.753356815983781e-9,382.43010146913974,TRUE
1,0.28953197598457336,NA,discrete_uniform,0,15,0.6,FALSE,NA,NA,NA,NA,NA,50,heter,1.950532829893486,0.37709187726715837,2.0473002358903245,TRUE
-1,4.674433305859566,NA,neglognormal,0,14,0.6,FALSE,NA,NA,NA,NA,NA,300,heter,9.571350457532903,0.008348484707305264,80.96355982340918,TRUE
-1,10.040860779583454,NA,lognormal,0,10,0.6,FALSE,NA,NA,NA,NA,NA,100,heter,18.62472817290065,9.030081370518434e-5,100.40860779583454,TRUE
1,8.397121533751488,NA,normal,0,19,0.3,FALSE,NA,NA,NA,NA,NA,100,heter,10.844699996527524,0.004416755075766124,83.97121533751488,TRUE
1,2.221600390970707,NA,uniform,0,13,0.6,FALSE,NA,NA,NA,NA,NA,100,heter,13.922989029142807,9.476791952913416e-4,22.21600390970707,TRUE
-1,7.086517803370953,NA,uniform,0,11,0.6,FALSE,NA,NA,NA,NA,NA,50,heter,17.537756532437513,1.5549791011367254e-4,50.10924793762798,TRUE
1,0.25534752756357193,NA,discrete_uniform,0,14,0.6,FALSE,NA,NA,NA,NA,NA,50,heter,7.4247632921638935,0.024419295840347112,1.8055796829942057,FALSE
0,12.214497745037079,NA,neglognormal,0,20,0.6,FALSE,NA,NA,NA,NA,NA,300,heter,17.76723021713385,1.386420524403655e-4,211.56130683339705,TRUE
0,30.4905269369483,NA,uniform,0,19,0.6,FALSE,NA,NA,NA,NA,NA,50,heter,8.897029694390001,0.011695924312852426,215.60058359067236,TRUE
0,19.871827632188797,NA,discrete_uniform,0,17,0.6,FALSE,NA,NA,NA,NA,NA,300,heter,57.18367323599446,3.8258076332014873e-13,344.1901509820214,TRUE
-1,2.0445243418216705,NA,discrete_uniform,0,10,0.6,FALSE,NA,NA,NA,NA,NA,300,heter,20.117677435192025,4.28057243597789e-5,35.41220037346452,FALSE
1,5.354911662638187,NA,normal,0,15,0.3,FALSE,NA,NA,NA,NA,NA,100,heter,7.295113732616176,0.026054706213628178,53.549116626381874,TRUE
-1,30.482560232281685,NA,normal,0,16,0.3,FALSE,NA,NA,NA,NA,NA,50,heter,5.298605013819516,0.07070050898314065,215.5442504817376,FALSE
0,3.173035129904747,NA,normal,0,20,0.3,FALSE,NA,NA,NA,NA,NA,100,heter,14.5252482463336,7.012654122142122e-4,31.73035129904747,TRUE
-1,27.455947138369083,NA,uniform,0,16,0.6,FALSE,NA,NA,NA,NA,NA,50,heter,28.509024276220842,6.446797609407563e-7,194.14286405440163,TRUE
0,30.08756284415722,NA,uniform,0,17,0.6,FALSE,NA,NA,NA,NA,NA,300,heter,39.520242242562574,2.6199224436252724e-9,521.1318752200186,TRUE
-1,21.886378586292267,NA,neglognormal,0,19,0.6,FALSE,NA,NA,NA,NA,NA,50,heter,0.1255224745426786,0.9391676851605757,154.76006713983307,FALSE
-1,21.680148519575596,NA,lognormal,0,15,0.6,FALSE,NA,NA,NA,NA,NA,300,heter,141.54135905186334,1.839434811705181e-31,375.5111875154411,TRUE
0,2.2170610949397087,NA,lognormal,0,20,0.6,FALSE,NA,NA,NA,NA,NA,300,heter,15.01157375687755,5.49892981127645e-4,38.40062459919862,TRUE
-1,14.127629891037941,NA,discrete_uniform,0,14,0.6,FALSE,NA,NA,NA,NA,NA,300,heter,67.83541300932902,1.86091795513125e-15,244.6977276180648,TRUE
1,8.370951473712921,NA,normal,0,14,0.3,FALSE,NA,NA,NA,NA,NA,100,heter,13.759888966306738,0.0010282011260744615,83.70951473712921,TRUE
1,22.522334821522236,NA,lognormal,0,20,0.6,FALSE,NA,NA,NA,NA,NA,50,heter,7.8002074810112125,0.02023981164859546,159.25695680452284,TRUE
1,19.013139829039574,NA,uniform,0,11,0.6,FALSE,NA,NA,NA,NA,NA,50,heter,16.183902586206486,3.0599209395218213e-4,134.44320104761917,TRUE
-1,4.905316092073917,NA,uniform,0,12,0.6,FALSE,NA,NA,NA,NA,NA,100,heter,17.446122042021155,1.6278812960789942e-4,49.053160920739174,TRUE
0,27.82738073915243,NA,uniform,0,14,0.6,FALSE,NA,NA,NA,NA,NA,100,heter,19.542733963064016,5.7062295606889366e-5,278.2738073915243,TRUE
-1,30.408432826399803,NA,normal,0,10,0.3,FALSE,NA,NA,NA,NA,NA,300,heter,21.517091873434808,2.1262918099808618e-5,526.6895063386975,TRUE
1,11.143929041922092,NA,discrete_uniform,0,15,0.6,FALSE,NA,NA,NA,NA,NA,50,heter,13.909158699796864,9.542552640778696e-4,78.79947794604817,FALSE
-1,11.522441916167736,NA,lognormal,0,20,0.6,FALSE,NA,NA,NA,NA,NA,300,heter,22.087234314668716,1.598887872112299e-5,199.57454826063812,FALSE
0,31.838253885507584,NA,discrete_uniform,0,19,0.6,FALSE,NA,NA,NA,NA,NA,100,heter,11.782536244391316,0.002763470056244985,318.38253885507584,FALSE
-1,17.14240115135908,NA,neglognormal,0,10,0.6,FALSE,NA,NA,NA,NA,NA,50,heter,0.7903885832542761,0.6735491615725017,121.21508099946087,FALSE
0,16.52795299142599,NA,normal,0,15,0.3,FALSE,NA,NA,NA,NA,NA,100,heter,33.198079741735086,6.181993999598532e-8,165.2795299142599,TRUE
1,20.60927005112171,NA,normal,0,19,0.3,FALSE,NA,NA,NA,NA,NA,50,heter,22.873121900248638,1.079355943723913e-5,145.7295460845299,TRUE
-1,6.591778255999088,NA,neglognormal,0,15,0.6,FALSE,NA,NA,NA,NA,NA,300,heter,7.974826753264669,0.018547627853333692,114.17294851618188,TRUE
0,30.890546716749668,NA,neglognormal,0,17,0.6,FALSE,NA,NA,NA,NA,NA,100,heter,10.07062384941059,0.006504168989327123,308.9054671674967,TRUE
0,19.760188847780228,NA,normal,0,18,0.3,FALSE,NA,NA,NA,NA,NA,300,heter,66.95375834952,2.8918522684236522e-15,342.2565105151127,TRUE
1,29.681474670767784,NA,uniform,0,13,0.6,FALSE,NA,NA,NA,NA,NA,100,heter,17.156236372636386,1.881787617923686e-4,296.81474670767784,TRUE
-1,2.841724418103695,NA,neglognormal,0,12,0.6,FALSE,NA,NA,NA,NA,NA,50,heter,0.7732583246182138,0.679342974200463,20.094026063045185,FALSE
1,20.368559546768665,NA,normal,0,10,0.3,FALSE,NA,NA,NA,NA,NA,300,heter,48.11120677025319,3.570953467300653e-11,352.79380011995437,TRUE
1,28.988147921860218,NA,uniform,0,18,0.6,FALSE,NA,NA,NA,NA,NA,300,heter,69.15519402270095,9.619232468873608e-16,502.0894501798407,TRUE
0,27.022975862026215,NA,uniform,0,16,0.6,FALSE,NA,NA,NA,NA,NA,300,heter,56.05643435329561,6.722022202613619e-13,468.05167164736787,TRUE
0,6.573258265852928,NA,uniform,0,12,0.6,FALSE,NA,NA,NA,NA,NA,50,heter,3.6100635936751346,0.16446922689271928,46.47995494275131,FALSE
0,20.307848624885082,NA,discrete_uniform,0,16,0.6,FALSE,NA,NA,NA,NA,NA,50,heter,5.033526854447117,0.08072044200078167,143.59817473966146,TRUE
0,4.202732972800732,NA,neglognormal,0,19,0.6,FALSE,NA,NA,NA,NA,NA,100,heter,13.152242981925221,0.0013932425329691083,42.02732972800732,FALSE
-1,31.21211963146925,NA,neglognormal,0,10,0.6,FALSE,NA,NA,NA,NA,NA,50,heter,1.3828957091221468,0.5008503853357523,220.7030144661767,FALSE
-1,27.383434526622295,NA,discrete_uniform,0,19,0.6,FALSE,NA,NA,NA,NA,NA,50,heter,5.884703671621105,0.05274154331345774,193.6301224595246,TRUE
0,9.507336869835854,NA,discrete_uniform,0,12,0.6,FALSE,NA,NA,NA,NA,NA,300,heter,55.37713362317495,9.440787491002267e-13,164.67190503228554,FALSE
1,19.808663055300713,NA,uniform,0,10,0.6,FALSE,NA,NA,NA,NA,NA,300,heter,81.06120067878747,2.499101668001079e-18,343.09610841793386,TRUE
0,29.749403916299343,NA,discrete_uniform,0,14,0.6,FALSE,NA,NA,NA,NA,NA,100,heter,14.666107078796395,6.53574820558279e-4,297.49403916299343,TRUE
-1,14.444443255662918,NA,neglognormal,0,12,0.6,FALSE,NA,NA,NA,NA,NA,100,heter,3.3398318563919562,0.18826289257444703,144.44443255662918,TRUE
1,31.033201403915882,NA,uniform,0,13,0.6,FALSE,NA,NA,NA,NA,NA,50,heter,21.02982004359023,2.712892593095098e-5,219.4378715463681,TRUE
1,2.8753190115094185,NA,neglognormal,0,18,0.6,FALSE,NA,NA,NA,NA,NA,100,heter,15.33979787407949,4.666649838647021e-4,28.753190115094185,FALSE
0,21.67559290677309,NA,normal,0,14,0.3,FALSE,NA,NA,NA,NA,NA,50,heter,17.333310250506212,1.7223424377597565e-4,153.2695873061828,TRUE
0,18.909705139696598,NA,uniform,0,14,0.6,FALSE,NA,NA,NA,NA,NA,100,heter,15.916414428897875,3.497796355624111e-4,189.09705139696598,TRUE
1,18.797020733356476,NA,lognormal,0,10,0.6,FALSE,NA,NA,NA,NA,NA,300,heter,6.839487859779739,0.032720812688437115,325.57394941099017,FALSE
1,6.447449594736099,NA,neglognormal,0,17,0.6,FALSE,NA,NA,NA,NA,NA,100,heter,53.97008617683108,1.9078520488975756e-12,64.47449594736099,TRUE
-1,29.75921856611967,NA,normal,0,13,0.3,FALSE,NA,NA,NA,NA,NA,100,heter,5.8152793587708045,0.05460446192208942,297.5921856611967,TRUE
-1,27.81536417454481,NA,lognormal,0,11,0.6,FALSE,NA,NA,NA,NA,NA,300,heter,58.145294993134776,2.365427371432544e-13,481.77623981342765,FALSE
0,8.376766979694366,NA,discrete_uniform,0,12,0.6,FALSE,NA,NA,NA,NA,NA,50,heter,1.5728178708336658,0.4554775110923186,59.23268735761441,FALSE
0,3.9106374233961105,NA,neglognormal,0,13,0.6,FALSE,NA,NA,NA,NA,NA,300,heter,9.40054657051371,0.009092791836165598,67.73422707302308,TRUE
-1,1.3028361573815346,NA,lognormal,0,15,0.6,FALSE,NA,NA,NA,NA,NA,300,heter,28.721208411282532,5.797874850463079e-7,22.5657841852262,FALSE
0,10.05202104151249,NA,lognormal,0,10,0.6,FALSE,NA,NA,NA,NA,NA,300,heter,20.348375600847646,3.8142256328760885e-5,174.10611162651057,TRUE
0,9.449351444840431,NA,lognormal,0,17,0.6,FALSE,NA,NA,NA,NA,NA,100,heter,6.219490375210243,0.04461232166459732,94.49351444840431,TRUE
0,2.2682584449648857,NA,uniform,0,11,0.6,FALSE,NA,NA,NA,NA,NA,300,heter,34.060831543797,4.015914017012845e-8,39.28738871376356,TRUE
1,6.122837968170643,NA,uniform,0,12,0.6,FALSE,NA,NA,NA,NA,NA,300,heter,30.74813364236809,2.10439671482322e-7,106.05066447383346,TRUE
0,15.555123701691628,NA,normal,0,12,0.3,FALSE,NA,NA,NA,NA,NA,300,heter,65.48799807953431,6.0181346659056105e-15,269.4226456934877,TRUE
1,3.1076927930116653,NA,uniform,0,14,0.6,FALSE,NA,NA,NA,NA,NA,100,heter,18.378762995046664,1.0211800541854844e-4,31.076927930116653,TRUE
0,20.143768876791,NA,neglognormal,0,18,0.6,FALSE,NA,NA,NA,NA,NA,300,heter,28.411499194456862,6.76895050662988e-7,348.9003115052667,TRUE
0,26.206402592360973,NA,lognormal,0,16,0.6,FALSE,NA,NA,NA,NA,NA,300,heter,51.32089864574674,7.174777803803693e-12,453.9082077357395,TRUE
-1,3.496545188128948,NA,neglognormal,0,12,0.6,FALSE,NA,NA,NA,NA,NA,100,heter,4.706309887860612,0.09506875199396392,34.96545188128948,FALSE
0,10.557739794254303,NA,neglognormal,0,11,0.6,FALSE,NA,NA,NA,NA,NA,300,heter,19.47293410469885,5.9088924586987966e-5,182.8654173674024,TRUE
1,8.10110554844141,NA,lognormal,0,15,0.6,FALSE,NA,NA,NA,NA,NA,50,heter,1.9575829155255704,0.37576495236178475,57.283466684108866,FALSE
1,29.149260468780994,NA,discrete_uniform,0,14,0.6,FALSE,NA,NA,NA,NA,NA,100,heter,21.68253296301564,1.9574820587717628e-5,291.49260468780994,TRUE
1,2.60886150598526,NA,discrete_uniform,0,19,0.6,FALSE,NA,NA,NA,NA,NA,50,heter,6.261123952102572,0.04369323579980049,18.44743662058726,TRUE
-1,23.951208479702473,NA,normal,0,19,0.3,FALSE,NA,NA,NA,NA,NA,300,heter,39.23318759739793,3.024276950390159e-9,414.8470998951921,TRUE
0,16.817179903388023,NA,normal,0,19,0.3,FALSE,NA,NA,NA,NA,NA,300,heter,46.542716657255745,7.823074957244742e-11,291.28210032694324,TRUE
-1,17.845870934426785,NA,uniform,0,13,0.6,FALSE,NA,NA,NA,NA,NA,50,heter,17.537820297429477,1.554929525312086e-4,126.1893635391309,TRUE
0,7.702970989048481,NA,uniform,0,12,0.6,FALSE,NA,NA,NA,NA,NA,100,heter,30.09712427622123,2.914019830055124e-7,77.02970989048481,TRUE
0,10.726590931415558,NA,neglognormal,0,18,0.6,FALSE,NA,NA,NA,NA,NA,300,heter,23.14080804149887,9.441421365617757e-6,185.79000485219314,TRUE
-1,21.991313762962818,NA,neglognormal,0,12,0.6,FALSE,NA,NA,NA,NA,NA,50,heter,1.4182506032018827,0.4920744259860611,155.50207088992062,FALSE
-1,1.0568545758724213,NA,uniform,0,18,0.6,FALSE,NA,NA,NA,NA,NA,50,heter,7.877459184036284,0.01947293761337013,7.473090373274217,FALSE
0,15.467840805649757,NA,lognormal,0,17,0.6,FALSE,NA,NA,NA,NA,NA,50,heter,2.832339360778126,0.24264163423752472,109.37415123988934,FALSE
0,17.36459807306528,NA,lognormal,0,14,0.6,FALSE,NA,NA,NA,NA,NA,300,heter,28.533805644693622,6.367410223595057e-7,300.76366115561694,TRUE
0,31.84526678174734,NA,normal,0,20,0.3,FALSE,NA,NA,NA,NA,NA,100,heter,21.338721846305717,2.3246384970660467e-5,318.4526678174734,TRUE
1,16.046710528433323,NA,discrete_uniform,0,11,0.6,FALSE,NA,NA,NA,NA,NA,50,heter,11.672813920194521,0.0029193130124320456,113.4673783039277,TRUE
-1,21.189416654407978,NA,neglognormal,0,13,0.6,FALSE,NA,NA,NA,NA,NA,100,heter,4.179401135973854,0.12372417725094262,211.89416654407978,FALSE
0,13.625991024076939,NA,normal,0,15,0.3,FALSE,NA,NA,NA,NA,NA,100,heter,52.37465603387699,4.236312082914416e-12,136.2599102407694,TRUE
1,30.485425107181072,NA,lognormal,0,14,0.6,FALSE,NA,NA,NA,NA,NA,100,heter,4.134948935077396,0.1265048707581663,304.8542510718107,FALSE
0,7.819821357727051,NA,uniform,0,18,0.6,FALSE,NA,NA,NA,NA,NA,50,heter,3.8410608461482476,0.14652921903499755,55.29448709716193,FALSE
0,3.7427771165966988,NA,uniform,0,14,0.6,FALSE,NA,NA,NA,NA,NA,300,heter,32.17030429161477,1.033492150608934e-7,64.82680127351627,TRUE
0,5.36414086073637,NA,neglognormal,0,12,0.6,FALSE,NA,NA,NA,NA,NA,300,heter,22.440963975771734,1.339697010842668e-5,92.90964509751643,TRUE
0,22.01128337532282,NA,uniform,0,18,0.6,FALSE,NA,NA,NA,NA,NA,50,heter,6.354975332506356,0.041690263516496226,155.64327737309483,TRUE
-1,6.741075448691845,NA,uniform,0,16,0.6,FALSE,NA,NA,NA,NA,NA,300,heter,55.03426008079306,1.1206300542035728e-12,116.75885174789443,TRUE
0,22.03081188350916,NA,discrete_uniform,0,20,0.6,FALSE,NA,NA,NA,NA,NA,50,heter,8.654499950959353,0.0132038084049001,155.78136477874503,FALSE
1,20.724073089659214,NA,normal,0,18,0.3,FALSE,NA,NA,NA,NA,NA,50,heter,15.162113515387801,5.100219684946591e-4,146.54132615503676,TRUE
1,25.55907892435789,NA,uniform,0,20,0.6,FALSE,NA,NA,NA,NA,NA,50,heter,12.80533533230149,0.0016571307000135763,180.72998028295635,TRUE
0,14.459269978106022,NA,uniform,0,16,0.6,FALSE,NA,NA,NA,NA,NA,50,heter,5.878017270141671,0.0529181639546991,102.2424785252583,TRUE
0,16.360120952129364,NA,normal,0,12,0.3,FALSE,NA,NA,NA,NA,NA,100,heter,36.36740174977422,1.2674156032576675e-8,163.60120952129364,TRUE
0,17.61748269200325,NA,uniform,0,18,0.6,FALSE,NA,NA,NA,NA,NA,300,heter,59.39418945430023,1.2668221008997635e-13,305.1437512401495,TRUE
0,14.991893209517002,NA,normal,0,14,0.3,FALSE,NA,NA,NA,NA,NA,50,heter,9.253728842978006,0.009785393919201128,106.00869351274027,TRUE
0,19.948777981102467,NA,normal,0,18,0.3,FALSE,NA,NA,NA,NA,NA,50,heter,3.0082736232234772,0.22220901931768042,141.0591618682244,TRUE
-1,12.821696400642395,NA,discrete_uniform,0,14,0.6,FALSE,NA,NA,NA,NA,NA,100,heter,8.399540190481067,0.01499902477129464,128.21696400642395,FALSE
0,0.31285974383354187,NA,neglognormal,0,10,0.6,FALSE,NA,NA,NA,NA,NA,50,heter,2.8306234495740092,0.24284989931523138,2.2122524642498362,FALSE
-1,23.706173941493034,NA,lognormal,0,18,0.6,FALSE,NA,NA,NA,NA,NA,50,heter,2.175643649046865,0.33694963038845266,167.6279635001755,FALSE
1,8.645341321825981,NA,normal,0,20,0.3,FALSE,NA,NA,NA,NA,NA,50,heter,7.289237850273056,0.026131365963503073,61.13179474335422,FALSE
0,21.145162470638752,NA,lognormal,0,18,0.6,FALSE,NA,NA,NA,NA,NA,50,heter,10.015471439177151,0.0066860252155988955,149.51887772279954,TRUE
0,2.0592522621154785,NA,normal,0,18,0.3,FALSE,NA,NA,NA,NA,NA,50,heter,5.026770240248208,0.0809936015917602,14.561112387155926,FALSE
-1,3.608602963387966,NA,neglognormal,0,20,0.6,FALSE,NA,NA,NA,NA,NA,50,heter,2.4587444801519327,0.29247612485297164,25.516676260215018,FALSE
1,7.38102351129055,NA,lognormal,0,10,0.6,FALSE,NA,NA,NA,NA,NA,50,heter,1.410540522220423,0.4939750539677816,52.1917177693089,FALSE
-1,16.397059813141823,NA,neglognormal,0,18,0.6,FALSE,NA,NA,NA,NA,NA,300,heter,11.027874017523576,0.0040302091393014,284.00540691107483,TRUE
0,29.659952253103256,NA,uniform,0,15,0.6,FALSE,NA,NA,NA,NA,NA,300,heter,62.931356083426,2.1608750603809513e-14,513.7254425244184,TRUE
0,26.81960204988718,NA,lognormal,0,12,0.6,FALSE,NA,NA,NA,NA,NA,50,heter,9.287667294810763,0.009620744298361386,189.64322478199855,TRUE
0,0.3449529856443405,NA,uniform,0,15,0.6,FALSE,NA,NA,NA,NA,NA,300,heter,6.6774685791211255,0.03548183904631763,5.974760973585754,FALSE
1,1.784773737192154,NA,uniform,0,14,0.6,FALSE,NA,NA,NA,NA,NA,100,heter,25.502687556472452,2.8984229528952976e-6,17.84773737192154,TRUE
0,5.68388132750988,NA,lognormal,0,19,0.6,FALSE,NA,NA,NA,NA,NA,100,heter,8.830718019192782,0.012090212843410376,56.8388132750988,TRUE
0,20.150885462760925,NA,discrete_uniform,0,11,0.6,FALSE,NA,NA,NA,NA,NA,50,heter,11.760085423422794,0.0027946659075239735,142.4882775763167,TRUE
1,5.8682330921292305,NA,discrete_uniform,0,10,0.6,FALSE,NA,NA,NA,NA,NA,50,heter,20.395494860284767,3.725414179685742e-5,41.49467413027881,TRUE
1,21.151137962937355,NA,uniform,0,14,0.6,FALSE,NA,NA,NA,NA,NA,300,heter,45.78723942118888,1.1413721960920889e-10,366.3484558970639,TRUE
-1,28.71449475735426,NA,discrete_uniform,0,20,0.6,FALSE,NA,NA,NA,NA,NA,300,heter,48.177079400803315,3.455255214082765e-11,497.34963833407744,TRUE
1,15.196763329207897,NA,normal,0,16,0.3,FALSE,NA,NA,NA,NA,NA,300,heter,26.593446196864296,1.6799893591101897e-6,263.21566196787643,TRUE
-1,22.041151642799377,NA,lognormal,0,12,0.6,FALSE,NA,NA,NA,NA,NA,50,heter,5.892029844238699,0.052548699904900464,155.85447791784452,FALSE
1,29.171699553728104,NA,normal,0,14,0.3,FALSE,NA,NA,NA,NA,NA,300,heter,39.266480057568224,2.9743508341015858e-9,505.26865770191426,TRUE
0,6.061840042471886,NA,discrete_uniform,0,10,0.6,FALSE,NA,NA,NA,NA,NA,100,heter,13.6204951620208,0.0011024199279281094,60.61840042471886,TRUE
1,28.914307594299316,NA,normal,0,20,0.3,FALSE,NA,NA,NA,NA,NA,50,heter,6.839434124613195,0.03272169182940689,204.45502973242736,TRUE
1,21.958194345235825,NA,neglognormal,0,10,0.6,FALSE,NA,NA,NA,NA,NA,300,heter,68.73082940892324,1.1892961843725543e-15,380.3270824842007,TRUE
-1,24.41746937483549,NA,discrete_uniform,0,10,0.6,FALSE,NA,NA,NA,NA,NA,50,heter,11.772616330181268,0.0027772107977593764,172.65758174361025,FALSE
1,7.7996333837509155,NA,neglognormal,0,20,0.6,FALSE,NA,NA,NA,NA,NA,50,heter,43.28543180620038,3.9873826046612446e-10,55.151736564192504,TRUE
0,24.350645840168,NA,neglognormal,0,15,0.6,FALSE,NA,NA,NA,NA,NA,100,heter,16.391654631296806,2.758020069919519e-4,243.50645840168,TRUE
0,13.237722739577293,NA,lognormal,0,19,0.6,FALSE,NA,NA,NA,NA,NA,300,heter,24.230217083021326,5.476148451046261e-6,229.28408361457744,TRUE
-1,15.023117505013943,NA,uniform,0,16,0.6,FALSE,NA,NA,NA,NA,NA,100,heter,22.224816221822262,1.492596698885826e-5,150.23117505013943,TRUE
1,24.868056796491146,NA,normal,0,12,0.3,FALSE,NA,NA,NA,NA,NA,50,heter,11.193665206316938,0.0037095948871677677,175.84371595731102,TRUE
0,10.380283117294312,NA,normal,0,20,0.3,FALSE,NA,NA,NA,NA,NA,50,heter,8.604284664654342,0.013539521764419023,73.39968582875042,TRUE
-1,5.8512324541807175,NA,normal,0,16,0.3,FALSE,NA,NA,NA,NA,NA,50,heter,4.053100415149062,0.1317893838504811,41.3744614664999,FALSE
-1,6.459569178521633,NA,lognormal,0,19,0.6,FALSE,NA,NA,NA,NA,NA,300,heter,0.3401705163278354,0.8435928903493521,111.88302012205425,TRUE
-1,1.568080022931099,NA,lognormal,0,18,0.6,FALSE,NA,NA,NA,NA,NA,50,heter,9.505827716645731,0.008626522082311093,11.08800017657737,FALSE
-1,1.310474194586277,NA,neglognormal,0,15,0.6,FALSE,NA,NA,NA,NA,NA,50,heter,6.178585268889745,0.045534152306359134,9.266451895619356,TRUE
-1,0.2568095996975899,NA,discrete_uniform,0,19,0.6,FALSE,NA,NA,NA,NA,NA,100,heter,0.8528284981719754,0.6528458453033064,2.5680959969758987,FALSE
1,3.0131796449422836,NA,normal,0,12,0.3,FALSE,NA,NA,NA,NA,NA,300,heter,30.498150628253924,2.3845736299071207e-7,52.18980237372386,TRUE
0,16.637075260281563,NA,neglognormal,0,20,0.6,FALSE,NA,NA,NA,NA,NA,300,heter,35.697807154540335,1.7714123507555293e-8,288.16259640154874,TRUE
0,30.656834363937378,NA,uniform,0,11,0.6,FALSE,NA,NA,NA,NA,NA,100,heter,19.42815775797319,6.042673738802984e-5,306.5683436393738,TRUE
-1,12.143672861158848,NA,uniform,0,20,0.6,FALSE,NA,NA,NA,NA,NA,300,heter,50.537834629910854,1.061325616051229e-11,210.33458386022443,TRUE
0,20.592950761318207,NA,normal,0,10,0.3,FALSE,NA,NA,NA,NA,NA,100,heter,56.84537964912316,4.530880920885799e-13,205.92950761318207,TRUE
-1,16.338783346116543,NA,discrete_uniform,0,12,0.6,FALSE,NA,NA,NA,NA,NA,100,heter,39.49845801734922,2.6486149110271513e-9,163.38783346116543,TRUE
1,6.955505795776844,NA,neglognormal,0,13,0.6,FALSE,NA,NA,NA,NA,NA,100,heter,8.110008055733621,0.0173354103586015,69.55505795776844,FALSE
0,26.622589386999607,NA,neglognormal,0,16,0.6,FALSE,NA,NA,NA,NA,NA,300,heter,24.08104127360165,5.900221668649525e-6,461.116774473273,TRUE
0,20.969111375510693,NA,lognormal,0,20,0.6,FALSE,NA,NA,NA,NA,NA,50,heter,4.877235544726706,0.08728141090080523,148.27400849079584,FALSE
0,26.15687408298254,NA,discrete_uniform,0,15,0.6,FALSE,NA,NA,NA,NA,NA,100,heter,16.229031483194383,2.991648670866794e-4,261.5687408298254,TRUE
0,28.279504530131817,NA,neglognormal,0,10,0.6,FALSE,NA,NA,NA,NA,NA,100,heter,1.868517018700293,0.3928770722302544,282.79504530131817,TRUE
0,16.306057766079903,NA,normal,0,13,0.3,FALSE,NA,NA,NA,NA,NA,50,heter,9.513822717461403,0.00859210639096918,115.30124020814667,FALSE
1,0.4963354244828224,NA,neglognormal,0,15,0.6,FALSE,NA,NA,NA,NA,NA,300,heter,3.696695554965317,0.15749717183471448,8.596781728005142,FALSE
0,4.229215987026691,NA,uniform,0,18,0.6,FALSE,NA,NA,NA,NA,NA,300,heter,32.04868595019386,1.0982880791705615e-7,73.25216965712788,TRUE
-1,1.7490928918123245,NA,normal,0,18,0.3,FALSE,NA,NA,NA,NA,NA,100,heter,23.8319440584901,6.682809805798167e-6,17.490928918123245,TRUE
1,7.747722707688808,NA,neglognormal,0,12,0.6,FALSE,NA,NA,NA,NA,NA,300,heter,118.71590701709145,1.6640575203164833e-26,134.1944937267213,FALSE
-1,21.97858488559723,NA,discrete_uniform,0,15,0.6,FALSE,NA,NA,NA,NA,NA,100,heter,14.450066661386261,7.281282696650888e-4,219.7858488559723,TRUE
0,0.7290894687175751,NA,normal,0,11,0.3,FALSE,NA,NA,NA,NA,NA,300,heter,5.346406183048551,0.06903075897124554,12.628200030822397,TRUE
1,22.3878391161561,NA,discrete_uniform,0,14,0.6,FALSE,NA,NA,NA,NA,NA,100,heter,21.616981841415175,2.02270261269441e-5,223.878391161561,TRUE
0,14.190376214683056,NA,lognormal,0,14,0.6,FALSE,NA,NA,NA,NA,NA,100,heter,7.079655831110443,0.02901832025409045,141.90376214683056,FALSE
1,20.477648608386517,NA,neglognormal,0,14,0.6,FALSE,NA,NA,NA,NA,NA,100,heter,36.411713179489986,1.2396438916362628e-8,204.77648608386517,TRUE
0,3.422936052083969,NA,lognormal,0,16,0.6,FALSE,NA,NA,NA,NA,NA,50,heter,3.8009458638926543,0.14949790016840472,24.20381293996484,FALSE
0,7.680424965918064,NA,discrete_uniform,0,10,0.6,FALSE,NA,NA,NA,NA,NA,100,heter,16.364970363900216,2.7950645189007945e-4,76.80424965918064,TRUE
1,13.718645237386227,NA,lognormal,0,19,0.6,FALSE,NA,NA,NA,NA,NA,100,heter,4.864111293920466,0.087856045815632125,137.18645237386227,FALSE
0,10.749543204903603,NA,normal,0,11,0.3,FALSE,NA,NA,NA,NA,NA,50,heter,21.695149693131878,1.9451724150358327e-5,76.01074894845111,TRUE
1,24.422078795731068,NA,discrete_uniform,0,12,0.6,FALSE,NA,NA,NA,NA,NA,100,heter,24.26450010770095,5.383078939770597e-6,244.22078795731068,TRUE
0,4.244389601051807,NA,neglognormal,0,15,0.6,FALSE,NA,NA,NA,NA,NA,50,heter,2.436696887434248,0.29571815902337883,30.012366689013984,FALSE
1,9.983404949307442,NA,neglognormal,0,13,0.6,FALSE,NA,NA,NA,NA,NA,50,heter,4.529884847357926,0.10383601286430222,70.59333338986633,FALSE
1,31.53835541009903,NA,discrete_uniform,0,14,0.6,FALSE,NA,NA,NA,NA,NA,100,heter,18.471166541025863,9.75073039446991e-5,315.3835541009903,TRUE
-1,28.614795424044132,NA,lognormal,0,11,0.6,FALSE,NA,NA,NA,NA,NA,100,heter,12.017472699172508,0.002457191250143221,286.1479542404413,TRUE
0,24.093056954443455,NA,neglognormal,0,17,0.6,FALSE,NA,NA,NA,NA,NA,300,heter,28.650954728230495,6.005155119026763e-7,417.30398754746744,TRUE
-1,16.802553296089172,NA,neglognormal,0,16,0.6,FALSE,NA,NA,NA,NA,NA,300,heter,8.333061966071087,0.015505957360881832,291.02876005710357,TRUE
0,30.555290028452873,NA,lognormal,0,16,0.6,FALSE,NA,NA,NA,NA,NA,50,heter,10.734689484619006,0.004666505649496838,216.05852780240724,TRUE
-1,14.107296794652939,NA,normal,0,19,0.3,FALSE,NA,NA,NA,NA,NA,300,heter,27.037705934285235,1.3453545588226227e-6,244.3455480579246,TRUE
0,12.07741303741932,NA,neglognormal,0,12,0.6,FALSE,NA,NA,NA,NA,NA,100,heter,7.54486761922889,0.022996027172242518,120.77413037419319,TRUE
0,21.735675528645515,NA,normal,0,16,0.3,FALSE,NA,NA,NA,NA,NA,300,heter,80.23356434505227,3.780096359987204e-18,376.4729435244555,TRUE
-1,7.2428944781422615,NA,uniform,0,20,0.6,FALSE,NA,NA,NA,NA,NA,300,heter,42.91735898217531,4.793071505744138e-10,125.45061230002467,TRUE
-1,21.655930906534195,NA,neglognormal,0,11,0.6,FALSE,NA,NA,NA,NA,NA,300,heter,10.566826717691914,0.0050750781312836925,375.09172615318363,TRUE
1,29.42690832167864,NA,uniform,0,10,0.6,FALSE,NA,NA,NA,NA,NA,100,heter,26.81085906228999,1.5069398827117385e-6,294.2690832167864,TRUE
1,6.588879659771919,NA,normal,0,13,0.3,FALSE,NA,NA,NA,NA,NA,100,heter,12.078030880069917,0.002383904855848501,65.88879659771919,TRUE
0,0.38398900628089905,NA,neglognormal,0,14,0.6,FALSE,NA,NA,NA,NA,NA,100,heter,1.3453754480804425,0.5103350929413786,3.8398900628089905,FALSE
1,14.518597058951855,NA,discrete_uniform,0,13,0.6,FALSE,NA,NA,NA,NA,NA,300,heter,52.541687772598436,3.896883883883886e-12,251.4694776072469,TRUE
-1,7.553122095763683,NA,lognormal,0,20,0.6,FALSE,NA,NA,NA,NA,NA,50,heter,29.75977421098111,3.449428432116097e-7,53.408638530444485,TRUE
0,11.170341201126575,NA,normal,0,12,0.3,FALSE,NA,NA,NA,NA,NA,100,heter,10.995836977195177,0.004095286959314561,111.70341201126575,TRUE
0,25.117837101221085,NA,normal,0,17,0.3,FALSE,NA,NA,NA,NA,NA,100,heter,54.11453585586137,1.774916159980214e-12,251.17837101221085,TRUE
1,12.813084468245506,NA,normal,0,11,0.3,FALSE,NA,NA,NA,NA,NA,50,heter,5.841859475077704,0.05388356642990197,90.60218915412426,TRUE
1,29.799852304160595,NA,neglognormal,0,19,0.6,FALSE,NA,NA,NA,NA,NA,100,heter,56.40074303680897,5.658929219695001e-13,297.99852304160595,TRUE
1,7.962115213274956,NA,lognormal,0,17,0.6,FALSE,NA,NA,NA,NA,NA,100,heter,1.5284375907760133,0.4656975940164357,79.62115213274956,FALSE
0,23.92642541974783,NA,lognormal,0,20,0.6,FALSE,NA,NA,NA,NA,NA,50,heter,4.186642199959148,0.12327703983503374,169.1853766385788,FALSE
0,13.154115818440914,NA,neglognormal,0,10,0.6,FALSE,NA,NA,NA,NA,NA,300,heter,29.881149913770646,3.246315607629244e-7,227.83596926185132,TRUE
-1,16.25632582604885,NA,neglognormal,0,20,0.6,FALSE,NA,NA,NA,NA,NA,300,heter,11.700172000719169,0.0028796514963747304,281.5678227511071,TRUE
1,30.51125831156969,NA,uniform,0,10,0.6,FALSE,NA,NA,NA,NA,NA,100,heter,12.7050339222832,0.0017423561698589516,305.1125831156969,TRUE
-1,30.722684867680073,NA,lognormal,0,11,0.6,FALSE,NA,NA,NA,NA,NA,100,heter,20.714900534533097,3.175532064591456e-5,307.2268486768007,TRUE
-1,21.138366132974625,NA,discrete_uniform,0,13,0.6,FALSE,NA,NA,NA,NA,NA,100,heter,19.978162021841243,4.589836736498794e-5,211.38366132974625,TRUE
1,9.884359866380692,NA,uniform,0,14,0.6,FALSE,NA,NA,NA,NA,NA,100,heter,29.076175401137615,4.854994410180636e-7,98.84359866380692,TRUE
-1,5.750712007284164,NA,normal,0,17,0.3,FALSE,NA,NA,NA,NA,NA,100,heter,8.300494430322974,0.01576051976377155,57.507120072841644,FALSE
1,28.92772649973631,NA,uniform,0,16,0.6,FALSE,NA,NA,NA,NA,NA,300,heter,64.60708414638052,9.34867219251632e-15,501.0429204499989,TRUE
-1,17.25202739983797,NA,discrete_uniform,0,19,0.6,FALSE,NA,NA,NA,NA,NA,50,heter,8.85624492046331,0.011936880614333817,121.99025563641551,TRUE
-1,15.986028611660004,NA,normal,0,19,0.3,FALSE,NA,NA,NA,NA,NA,300,heter,37.952387129862885,5.737779403707855e-9,276.8861376664489,TRUE
-1,31.850575633347034,NA,uniform,0,15,0.6,FALSE,NA,NA,NA,NA,NA,300,heter,46.03833250763603,1.006707068437191e-10,551.6681524727234,TRUE
1,12.947147384285927,NA,normal,0,12,0.3,FALSE,NA,NA,NA,NA,NA,300,heter,21.192987858537418,2.5003520343517217e-5,224.2511708266572,TRUE
-1,18.728681981563568,NA,neglognormal,0,11,0.6,FALSE,NA,NA,NA,NA,NA,100,heter,6.711843282344023,0.03487721106377969,187.28681981563568,FALSE
0,10.78426718711853,NA,normal,0,18,0.3,FALSE,NA,NA,NA,NA,NA,300,heter,87.91206569432032,8.130878812373406e-20,186.78898690487196,TRUE
1,30.692439384758472,NA,discrete_uniform,0,19,0.6,FALSE,NA,NA,NA,NA,NA,50,heter,15.376133974626459,4.5826314460000475e-4,217.02832020119783,TRUE
1,20.893185406923294,NA,normal,0,14,0.3,FALSE,NA,NA,NA,NA,NA,300,heter,42.83107450235083,5.004380749631231e-10,361.8805865674778,TRUE
0,3.850732795894146,NA,uniform,0,11,0.6,FALSE,NA,NA,NA,NA,NA,300,heter,30.536878886289625,2.3388426378683228e-7,66.69664848860417,TRUE
-1,27.668875865638256,NA,lognormal,0,20,0.6,FALSE,NA,NA,NA,NA,NA,300,heter,32.3767664669349,9.32125718304234e-8,479.23898787601763,TRUE
0,2.5396938249468803,NA,lognormal,0,20,0.6,FALSE,NA,NA,NA,NA,NA,300,heter,17.45763724710245,1.6185355330050724e-4,43.988787404769354,TRUE
1,19.453229382634163,NA,neglognormal,0,13,0.6,FALSE,NA,NA,NA,NA,NA,300,heter,66.14020041887822,4.343481369698806e-15,336.9398166201412,TRUE
0,17.44187603890896,NA,uniform,0,13,0.6,FALSE,NA,NA,NA,NA,NA,100,heter,24.044160773458735,6.010032590441984e-6,174.41876038908958,TRUE
0,7.148646235466003,NA,normal,0,13,0.3,FALSE,NA,NA,NA,NA,NA,300,heter,62.29755435442441,2.9665929062658334e-14,123.81818485163107,TRUE
1,10.696845419704914,NA,discrete_uniform,0,16,0.6,FALSE,NA,NA,NA,NA,NA,300,heter,40.28427375196081,1.7880559370508226e-9,185.27479747639345,TRUE
0,21.093452773988247,NA,normal,0,19,0.3,FALSE,NA,NA,NA,NA,NA,100,heter,39.183636784400086,3.100140536276789e-9,210.93452773988247,TRUE
0,6.195046678185463,NA,discrete_uniform,0,14,0.6,FALSE,NA,NA,NA,NA,NA,100,heter,11.152875330109296,0.0037860286265856196,61.95046678185463,TRUE
-1,13.035357803106308,NA,lognormal,0,12,0.6,FALSE,NA,NA,NA,NA,NA,50,heter,7.503612052503498,0.023475310520810266,92.17389897769448,TRUE
0,5.526469126343727,NA,uniform,0,13,0.6,FALSE,NA,NA,NA,NA,NA,100,heter,18.600536045886415,9.13997309700679e-5,55.26469126343727,TRUE
1,5.60467404872179,NA,lognormal,0,17,0.6,FALSE,NA,NA,NA,NA,NA,100,heter,4.862569410198278,0.08792380383449218,56.0467404872179,TRUE
-1,8.62127073854208,NA,uniform,0,16,0.6,FALSE,NA,NA,NA,NA,NA,50,heter,13.762532250449201,0.0010268431098119416,60.9615900166826,TRUE
1,31.40522526949644,NA,lognormal,0,13,0.6,FALSE,NA,NA,NA,NA,NA,50,heter,2.4320394291041456,0.29640760898447516,222.06847752752054,FALSE
1,21.47663674503565,NA,discrete_uniform,0,19,0.6,FALSE,NA,NA,NA,NA,NA,50,heter,5.875603460196116,0.05298206970625376,151.8627547949489,TRUE
1,20.379825472831726,NA,lognormal,0,13,0.6,FALSE,NA,NA,NA,NA,NA,100,heter,7.409239260090684,0.024609576331024414,203.79825472831726,TRUE
0,15.630046270787716,NA,uniform,0,12,0.6,FALSE,NA,NA,NA,NA,NA,300,heter,38.32934293768958,4.752136793237004e-9,270.7203426565678,TRUE
0,10.77488050609827,NA,neglognormal,0,18,0.6,FALSE,NA,NA,NA,NA,NA,50,heter,4.580316597564634,0.10125043276500847,76.18991072336827,FALSE
-1,17.01938658952713,NA,neglognormal,0,12,0.6,FALSE,NA,NA,NA,NA,NA,50,heter,0.7155446388857297,0.6992322584745241,120.34523669090022,FALSE
1,11.006910391151905,NA,discrete_uniform,0,19,0.6,FALSE,NA,NA,NA,NA,NA,300,heter,52.079691269885096,4.9095165811709914e-12,190.64528031832927,TRUE
-1,29.48193847388029,NA,neglognormal,0,15,0.6,FALSE,NA,NA,NA,NA,NA,50,heter,2.556316310987541,0.27854987382287916,208.4687861740533,FALSE
0,18.4352146089077,NA,neglognormal,0,17,0.6,FALSE,NA,NA,NA,NA,NA,300,heter,36.415974030677,1.2370057337600368e-8,319.30728351064147,TRUE
-1,15.395026080310345,NA,neglognormal,0,13,0.6,FALSE,NA,NA,NA,NA,NA,300,heter,9.146053597356953,0.010326655658270805,266.64967354945463,TRUE
0,12.167122080922127,NA,discrete_uniform,0,11,0.6,FALSE,NA,NA,NA,NA,NA,50,heter,15.451940336520021,4.4121857593679533e-4,86.03454530944613,FALSE
0,12.868789501488209,NA,normal,0,17,0.3,FALSE,NA,NA,NA,NA,NA,50,heter,19.2612793631291,6.56850188830118e-5,90.99608322164563,TRUE
0,3.579147160053253,NA,neglognormal,0,18,0.6,FALSE,NA,NA,NA,NA,NA,300,heter,17.619362912731685,1.4928080081461813e-4,61.99264728978091,TRUE
-1,24.989915803074837,NA,normal,0,18,0.3,FALSE,NA,NA,NA,NA,NA,50,heter,6.113652948845795,0.04703673087917724,176.70538925635086,FALSE
0,28.362226903438568,NA,lognormal,0,11,0.6,FALSE,NA,NA,NA,NA,NA,300,heter,24.563646825189988,4.63523614235427e-6,491.24818012552515,TRUE
1,30.771894708275795,NA,lognormal,0,10,0.6,FALSE,NA,NA,NA,NA,NA,50,heter,1.8558589562079915,0.39537148878998046,217.59015418180252,FALSE
-1,29.696742042899132,NA,normal,0,12,0.3,FALSE,NA,NA,NA,NA,NA,50,heter,16.702981051863308,2.3604442575458665e-4,209.98767677681624,TRUE
1,1.1200510039925575,NA,neglognormal,0,19,0.6,FALSE,NA,NA,NA,NA,NA,50,heter,5.115823327668493,0.07746634741466049,7.919956601979383,FALSE
0,21.61510280519724,NA,lognormal,0,13,0.6,FALSE,NA,NA,NA,NA,NA,300,heter,24.146409922374442,5.710494353851723e-6,374.3845626942619,TRUE
0,9.578613236546516,NA,normal,0,11,0.3,FALSE,NA,NA,NA,NA,NA,50,heter,11.146179148714065,0.003798725837657331,67.73102373925266,TRUE
0,1.6562430188059807,NA,discrete_uniform,0,12,0.6,FALSE,NA,NA,NA,NA,NA,50,heter,19.449450537134865,5.978682323267299e-5,11.711406698905876,TRUE
0,13.281831696629524,NA,discrete_uniform,0,19,0.6,FALSE,NA,NA,NA,NA,NA,50,heter,3.6552420337745843,0.16079564323929932,93.91673259265164,TRUE
0,8.58740995824337,NA,neglognormal,0,13,0.6,FALSE,NA,NA,NA,NA,NA,50,heter,2.597681372306106,0.2728479261287402,60.72215814302774,FALSE
-1,4.57461641728878,NA,normal,0,14,0.3,FALSE,NA,NA,NA,NA,NA,100,heter,5.1812794785589,0.07497206216725415,45.7461641728878,TRUE
-1,5.275696150958538,NA,uniform,0,19,0.6,FALSE,NA,NA,NA,NA,NA,50,heter,8.9342670421772,0.011480176414539774,37.3048052382255,TRUE
1,20.756154887378216,NA,neglognormal,0,17,0.6,FALSE,NA,NA,NA,NA,NA,300,heter,107.11427562417128,5.5008598686404795e-24,359.5071483470814,FALSE
0,29.762536443769932,NA,lognormal,0,11,0.6,FALSE,NA,NA,NA,NA,NA,300,heter,22.46935926453003,1.3208108558073676e-5,515.5022528272985,TRUE
0,21.80755305290222,NA,lognormal,0,18,0.6,FALSE,NA,NA,NA,NA,NA,100,heter,4.627342627877275,0.09889750047401312,218.07553052902222,TRUE
0,12.132380738854408,NA,normal,0,18,0.3,FALSE,NA,NA,NA,NA,NA,50,heter,27.593279169164077,1.0190501555396352e-6,85.78888692381008,TRUE
-1,14.856989331543446,NA,neglognormal,0,11,0.6,FALSE,NA,NA,NA,NA,NA,50,heter,3.553552995199573,0.1691826298400464,105.05477904350562,FALSE
0,2.6022638604044914,NA,normal,0,18,0.3,FALSE,NA,NA,NA,NA,NA,100,heter,17.286215953472187,1.7633799530232546e-4,26.022638604044914,TRUE
1,8.371096551418304,NA,uniform,0,15,0.6,FALSE,NA,NA,NA,NA,NA,50,heter,11.74886907728817,0.0028103829082350078,59.192591374752055,TRUE
1,13.502938352525234,NA,lognormal,0,12,0.6,FALSE,NA,NA,NA,NA,NA,100,heter,3.5569440840914095,0.16889601622340292,135.02938352525234,FALSE
1,29.012529842555523,NA,normal,0,11,0.3,FALSE,NA,NA,NA,NA,NA,300,heter,34.53962055745024,3.160943203642548e-8,502.5117574341445,TRUE
1,28.539419271051884,NA,normal,0,17,0.3,FALSE,NA,NA,NA,NA,NA,300,heter,55.58683162981697,8.501056024995531e-13,494.31724195972197,TRUE
0,26.07818218320608,NA,discrete_uniform,0,13,0.6,FALSE,NA,NA,NA,NA,NA,100,heter,14.429270076689514,7.357390613225572e-4,260.7818218320608,TRUE
0,11.282538414001465,NA,normal,0,15,0.3,FALSE,NA,NA,NA,NA,NA,100,heter,13.282103175021188,0.0013056535127365899,112.82538414001465,TRUE
-1,13.435930013656616,NA,uniform,0,10,0.6,FALSE,NA,NA,NA,NA,NA,50,heter,11.993465686618212,0.0024868638923328983,95.00637224204456,TRUE
1,10.282206200063229,NA,neglognormal,0,13,0.6,FALSE,NA,NA,NA,NA,NA,50,heter,42.762640934708095,5.1785777999842985e-10,72.70617729623072,TRUE
-1,23.51532232761383,NA,discrete_uniform,0,20,0.6,FALSE,NA,NA,NA,NA,NA,50,heter,2.619543746735173,0.26988161654699677,166.2784387964317,TRUE
0,13.194947853684425,NA,uniform,0,14,0.6,FALSE,NA,NA,NA,NA,NA,300,heter,52.73951254271306,3.52988341882779e-12,228.54320085803334,TRUE
1,30.106418572366238,NA,lognormal,0,15,0.6,FALSE,NA,NA,NA,NA,NA,300,heter,6.712216382613658,0.034870705322196036,521.4584660127359,TRUE
0,23.89768212288618,NA,discrete_uniform,0,18,0.6,FALSE,NA,NA,NA,NA,NA,300,heter,47.91858970094754,3.9319723588284455e-11,413.91999619969334,TRUE
1,31.693378925323486,NA,discrete_uniform,0,16,0.6,FALSE,NA,NA,NA,NA,NA,50,heter,13.976983444286933,9.224367739301857e-4,224.10603156811052,TRUE
1,11.370594039559364,NA,uniform,0,16,0.6,FALSE,NA,NA,NA,NA,NA,100,heter,22.776438362361333,1.1328156778704552e-5,113.70594039559364,FALSE
-1,31.059629321098328,NA,neglognormal,0,13,0.6,FALSE,NA,NA,NA,NA,NA,100,heter,4.168887461605085,0.12437628762383189,310.5962932109833,TRUE
-1,7.275695212185383,NA,uniform,0,10,0.6,FALSE,NA,NA,NA,NA,NA,100,heter,15.317644487607707,4.718628230250157e-4,72.75695212185383,TRUE
0,25.917844749987125,NA,neglognormal,0,10,0.6,FALSE,NA,NA,NA,NA,NA,300,heter,23.128069612198313,9.501747716701075e-6,448.9102392965999,TRUE
-1,31.52946449816227,NA,lognormal,0,16,0.6,FALSE,NA,NA,NA,NA,NA,300,heter,45.38358529057106,1.3966245429818625e-10,546.1063444625621,FALSE
0,20.801933385431767,NA,uniform,0,19,0.6,FALSE,NA,NA,NA,NA,NA,300,heter,44.67667196801164,1.9887671933446465e-10,360.3000551923108,TRUE
0,1.6227065399289131,NA,neglognormal,0,12,0.6,FALSE,NA,NA,NA,NA,NA,100,heter,4.098650849550119,0.12882177426145752,16.22706539928913,FALSE
